created_at,entry_id,field1,field2,field3,field4,latitude,longitude,elevation,status
2022-01-09T11:25:57+07:00,1,60.00000,79.00000,26.29000,0.00000,,,,
2022-01-09T11:26:26+07:00,2,63.00000,79.00000,26.29000,0.00000,,,,
2022-01-09T11:26:56+07:00,3,65.00000,80.00000,26.39000,0.00000,,,,
2022-01-09T11:27:26+07:00,4,67.00000,80.00000,26.70000,0.00000,,,,
2022-01-09T11:27:56+07:00,5,67.00000,80.00000,26.70000,0.00000,,,,
2022-01-09T11:28:26+07:00,6,66.00000,79.00000,26.70000,0.00000,,,,
2022-01-09T11:28:56+07:00,7,63.00000,79.00000,26.70000,0.00000,,,,
2022-01-09T11:29:27+07:00,8,61.00000,79.00000,26.70000,0.00000,,,,
2022-01-09T11:29:56+07:00,9,58.00000,79.00000,26.70000,0.00000,,,,
2022-01-09T11:30:26+07:00,10,56.00000,79.00000,26.70000,0.00000,,,,
2022-01-09T11:30:57+07:00,11,55.00000,79.00000,26.70000,0.00000,,,,
2022-01-09T11:31:26+07:00,12,55.00000,79.00000,26.50000,0.00000,,,,
2022-01-09T11:31:56+07:00,13,56.00000,79.00000,26.50000,0.00000,,,,
2022-01-09T11:32:26+07:00,14,57.00000,79.00000,26.60000,0.00000,,,,
2022-01-09T11:32:56+07:00,15,58.00000,79.00000,26.39000,0.00000,,,,
2022-01-09T11:33:26+07:00,16,58.00000,79.00000,26.29000,0.00000,,,,
2022-01-09T11:33:56+07:00,17,59.00000,79.00000,26.39000,0.00000,,,,
2022-01-09T11:34:26+07:00,18,61.00000,79.00000,26.50000,0.00000,,,,
2022-01-09T11:34:56+07:00,19,65.00000,79.00000,26.50000,0.00000,,,,
2022-01-09T11:35:26+07:00,20,68.00000,79.00000,26.39000,0.00000,,,,
2022-01-09T11:35:57+07:00,21,66.00000,79.00000,26.70000,0.00000,,,,
2022-01-09T11:36:26+07:00,22,67.00000,79.00000,26.70000,0.00000,,,,
2022-01-09T11:36:56+07:00,23,72.00000,79.00000,26.50000,0.00000,,,,
2022-01-09T11:37:26+07:00,24,75.00000,79.00000,26.70000,0.00000,,,,
2022-01-09T11:37:56+07:00,25,62.00000,79.00000,26.70000,0.00000,,,,
2022-01-09T11:38:26+07:00,26,61.00000,79.00000,26.70000,0.00000,,,,
2022-01-09T11:38:56+07:00,27,63.00000,79.00000,26.70000,0.00000,,,,
2022-01-09T11:39:26+07:00,28,66.00000,79.00000,26.70000,0.00000,,,,
2022-01-09T11:40:56+07:00,29,84.00000,80.00000,27.10000,0.00000,,,,
2022-01-09T11:41:26+07:00,30,66.00000,80.00000,27.10000,7627.00000,,,,
2022-01-09T11:41:56+07:00,31,69.00000,79.00000,26.70000,132.00000,,,,
2022-01-09T11:42:29+07:00,32,90.00000,79.00000,26.70000,0.00000,,,,
2022-01-09T11:42:56+07:00,33,90.00000,79.00000,26.70000,0.00000,,,,
2022-01-09T11:43:26+07:00,34,90.00000,79.00000,26.70000,0.00000,,,,
2022-01-09T11:43:56+07:00,35,90.00000,79.00000,26.70000,0.00000,,,,
2022-01-09T11:44:27+07:00,36,92.00000,79.00000,27.10000,0.00000,,,,
2022-01-09T11:44:56+07:00,37,98.00000,79.00000,27.10000,0.00000,,,,
2022-01-09T11:45:26+07:00,38,99.00000,78.00000,27.10000,0.00000,,,,
2022-01-09T11:45:57+07:00,39,103.00000,78.00000,27.10000,0.00000,,,,
2022-01-09T11:46:26+07:00,40,125.00000,78.00000,27.10000,0.00000,,,,
2022-01-09T11:46:56+07:00,41,96.00000,78.00000,27.10000,0.00000,,,,
2022-01-09T11:47:26+07:00,42,90.00000,78.00000,27.10000,0.00000,,,,
2022-01-09T11:47:56+07:00,43,90.00000,78.00000,27.10000,0.00000,,,,
2022-01-09T11:48:26+07:00,44,125.00000,78.00000,26.70000,0.00000,,,,
2022-01-09T11:48:56+07:00,45,139.00000,78.00000,27.00000,0.00000,,,,
2022-01-09T11:49:26+07:00,46,139.00000,78.00000,27.10000,0.00000,,,,
2022-01-09T11:49:56+07:00,47,110.00000,78.00000,27.10000,0.00000,,,,
2022-01-09T11:50:26+07:00,48,95.00000,78.00000,27.10000,0.00000,,,,
2022-01-09T11:50:56+07:00,49,88.00000,78.00000,27.10000,0.00000,,,,
2022-01-09T11:51:26+07:00,50,122.00000,78.00000,27.10000,0.00000,,,,
2022-01-09T11:51:57+07:00,51,98.00000,78.00000,27.10000,0.00000,,,,
2022-01-09T11:52:26+07:00,52,101.00000,78.00000,27.10000,0.00000,,,,
2022-01-09T11:52:56+07:00,53,113.00000,78.00000,27.10000,0.00000,,,,
2022-01-09T11:53:26+07:00,54,127.00000,77.00000,27.10000,0.00000,,,,
2022-01-09T11:53:56+07:00,55,115.00000,77.00000,27.10000,0.00000,,,,
2022-01-09T11:54:27+07:00,56,130.00000,77.00000,27.10000,0.00000,,,,
2022-01-09T11:54:56+07:00,57,106.00000,77.00000,27.10000,0.00000,,,,
2022-01-09T11:55:26+07:00,58,106.00000,77.00000,27.10000,0.00000,,,,
2022-01-09T11:55:56+07:00,59,108.00000,77.00000,27.10000,0.00000,,,,
2022-01-09T11:56:27+07:00,60,102.00000,77.00000,27.10000,0.00000,,,,
2022-01-09T11:56:56+07:00,61,102.00000,77.00000,27.10000,0.00000,,,,
2022-01-09T11:57:26+07:00,62,100.00000,77.00000,27.10000,0.00000,,,,
2022-01-09T11:57:57+07:00,63,105.00000,77.00000,27.10000,0.00000,,,,
2022-01-09T11:58:26+07:00,64,104.00000,77.00000,27.10000,0.00000,,,,
2022-01-09T11:58:56+07:00,65,99.00000,77.00000,27.10000,0.00000,,,,
2022-01-09T11:59:26+07:00,66,98.00000,77.00000,27.10000,0.00000,,,,
2022-01-09T11:59:56+07:00,67,96.00000,77.00000,27.10000,0.00000,,,,
2022-01-09T12:00:26+07:00,68,94.00000,77.00000,27.10000,0.00000,,,,
2022-01-09T12:00:56+07:00,69,91.00000,77.00000,27.10000,0.00000,,,,
2022-01-09T12:01:29+07:00,70,89.00000,77.00000,27.10000,0.00000,,,,
2022-01-09T12:01:56+07:00,71,85.00000,77.00000,27.10000,0.00000,,,,
2022-01-09T12:02:26+07:00,72,80.00000,77.00000,27.10000,0.00000,,,,
2022-01-09T12:02:56+07:00,73,76.00000,77.00000,27.10000,0.00000,,,,
2022-01-09T12:03:26+07:00,74,75.00000,77.00000,27.10000,0.00000,,,,
2022-01-09T12:03:56+07:00,75,75.00000,77.00000,27.10000,0.00000,,,,
2022-01-09T12:04:27+07:00,76,75.00000,77.00000,27.10000,0.00000,,,,
2022-01-09T12:04:57+07:00,77,73.00000,77.00000,27.10000,0.00000,,,,
2022-01-09T12:05:26+07:00,78,71.00000,77.00000,27.10000,0.00000,,,,
2022-01-09T12:05:59+07:00,79,68.00000,77.00000,27.10000,0.00000,,,,
2022-01-09T12:06:26+07:00,80,65.00000,77.00000,27.10000,0.00000,,,,
2022-01-09T12:06:56+07:00,81,61.00000,77.00000,27.10000,0.00000,,,,
2022-01-09T12:07:26+07:00,82,60.00000,77.00000,27.10000,0.00000,,,,
2022-01-09T12:07:56+07:00,83,60.00000,77.00000,27.10000,0.00000,,,,
2022-01-09T12:08:26+07:00,84,59.00000,77.00000,27.10000,0.00000,,,,
2022-01-09T12:08:56+07:00,85,59.00000,77.00000,27.10000,0.00000,,,,
2022-01-09T12:09:26+07:00,86,60.00000,77.00000,27.10000,0.00000,,,,
2022-01-09T12:09:56+07:00,87,60.00000,77.00000,27.10000,0.00000,,,,
2022-01-09T12:10:26+07:00,88,59.00000,77.00000,27.10000,0.00000,,,,
2022-01-09T12:10:56+07:00,89,57.00000,77.00000,27.10000,0.00000,,,,
2022-01-09T12:11:27+07:00,90,56.00000,77.00000,27.10000,0.00000,,,,
2022-01-09T12:11:56+07:00,91,55.00000,77.00000,27.10000,0.00000,,,,
2022-01-09T12:12:29+07:00,92,55.00000,77.00000,27.10000,0.00000,,,,
2022-01-09T12:12:57+07:00,93,55.00000,77.00000,27.10000,0.00000,,,,
2022-01-09T12:13:26+07:00,94,54.00000,78.00000,27.10000,0.00000,,,,
2022-01-09T12:13:56+07:00,95,53.00000,78.00000,27.10000,0.00000,,,,
2022-01-09T12:14:26+07:00,96,49.00000,78.00000,27.10000,0.00000,,,,
2022-01-09T12:14:56+07:00,97,53.00000,78.00000,27.10000,0.00000,,,,
2022-01-09T12:15:26+07:00,98,53.00000,78.00000,27.10000,0.00000,,,,
2022-01-09T12:15:56+07:00,99,53.00000,78.00000,27.10000,0.00000,,,,
2022-01-09T12:16:27+07:00,100,53.00000,78.00000,27.10000,0.00000,,,,
2022-01-09T12:16:56+07:00,101,53.00000,78.00000,27.10000,0.00000,,,,
2022-01-09T12:17:29+07:00,102,53.00000,78.00000,27.10000,0.00000,,,,
2022-01-09T12:17:56+07:00,103,53.00000,78.00000,27.10000,0.00000,,,,
2022-01-09T12:18:29+07:00,104,54.00000,78.00000,27.10000,0.00000,,,,
2022-01-09T12:18:57+07:00,105,53.00000,78.00000,27.10000,0.00000,,,,
2022-01-09T12:19:26+07:00,106,54.00000,78.00000,27.10000,0.00000,,,,
2022-01-09T12:19:56+07:00,107,54.00000,78.00000,27.10000,0.00000,,,,
2022-01-09T12:20:27+07:00,108,53.00000,78.00000,27.10000,0.00000,,,,
2022-01-09T12:20:56+07:00,109,53.00000,78.00000,27.10000,0.00000,,,,
2022-01-09T12:21:26+07:00,110,51.00000,78.00000,27.10000,0.00000,,,,
2022-01-09T12:21:58+07:00,111,50.00000,78.00000,27.10000,0.00000,,,,
2022-01-09T12:22:26+07:00,112,51.00000,78.00000,27.10000,0.00000,,,,
2022-01-09T12:22:56+07:00,113,51.00000,78.00000,27.10000,0.00000,,,,
2022-01-09T12:23:26+07:00,114,53.00000,78.00000,27.10000,0.00000,,,,
2022-01-09T12:23:56+07:00,115,53.00000,78.00000,27.10000,0.00000,,,,
2022-01-09T12:24:26+07:00,116,55.00000,78.00000,27.10000,0.00000,,,,
2022-01-09T12:24:57+07:00,117,55.00000,78.00000,27.10000,0.00000,,,,
2022-01-09T12:25:29+07:00,118,56.00000,78.00000,27.10000,0.00000,,,,
2022-01-09T12:25:56+07:00,119,56.00000,78.00000,27.10000,0.00000,,,,
2022-01-09T12:26:26+07:00,120,57.00000,78.00000,27.10000,0.00000,,,,
2022-01-09T12:26:56+07:00,121,58.00000,78.00000,27.10000,0.00000,,,,
2022-01-09T12:27:26+07:00,122,59.00000,78.00000,27.10000,0.00000,,,,
2022-01-09T12:28:00+07:00,123,60.00000,78.00000,27.10000,0.00000,,,,
2022-01-09T12:28:29+07:00,124,63.00000,78.00000,27.10000,0.00000,,,,
2022-01-09T12:28:57+07:00,125,66.00000,78.00000,27.10000,0.00000,,,,
2022-01-09T12:29:26+07:00,126,69.00000,78.00000,27.10000,0.00000,,,,
2022-01-09T12:29:56+07:00,127,71.00000,78.00000,27.10000,0.00000,,,,
2022-01-09T12:30:27+07:00,128,74.00000,78.00000,27.10000,0.00000,,,,
2022-01-09T12:30:57+07:00,129,76.00000,78.00000,27.10000,0.00000,,,,
2022-01-09T12:31:26+07:00,130,79.00000,78.00000,27.10000,0.00000,,,,
2022-01-09T12:31:56+07:00,131,83.00000,78.00000,27.10000,0.00000,,,,
2022-01-09T12:32:26+07:00,132,85.00000,78.00000,27.10000,0.00000,,,,
2022-01-09T12:32:59+07:00,133,86.00000,78.00000,27.10000,0.00000,,,,
2022-01-09T12:33:27+07:00,134,89.00000,78.00000,27.10000,0.00000,,,,
2022-01-09T12:33:56+07:00,135,90.00000,77.00000,27.10000,0.00000,,,,
2022-01-09T12:34:26+07:00,136,90.00000,77.00000,27.10000,0.00000,,,,
2022-01-09T12:34:56+07:00,137,91.00000,77.00000,27.10000,0.00000,,,,
2022-01-09T12:35:26+07:00,138,92.00000,77.00000,27.10000,0.00000,,,,
2022-01-09T12:35:56+07:00,139,94.00000,77.00000,27.10000,0.00000,,,,
2022-01-09T12:36:26+07:00,140,96.00000,77.00000,27.10000,0.00000,,,,
2022-01-09T12:36:56+07:00,141,100.00000,77.00000,27.10000,0.00000,,,,
2022-01-09T12:37:26+07:00,142,109.00000,77.00000,27.10000,0.00000,,,,
2022-01-09T12:37:56+07:00,143,108.00000,77.00000,27.10000,0.00000,,,,
2022-01-09T12:38:26+07:00,144,110.00000,77.00000,27.10000,0.00000,,,,
2022-01-09T12:38:59+07:00,145,110.00000,77.00000,27.10000,0.00000,,,,
2022-01-09T12:39:29+07:00,146,115.00000,77.00000,27.10000,0.00000,,,,
2022-01-09T12:39:56+07:00,147,118.00000,77.00000,27.10000,0.00000,,,,
2022-01-09T12:40:38+07:00,148,116.00000,77.00000,27.10000,0.00000,,,,
2022-01-09T12:40:56+07:00,149,117.00000,77.00000,27.10000,0.00000,,,,
2022-01-09T12:41:26+07:00,150,108.00000,77.00000,27.10000,0.00000,,,,
2022-01-09T12:41:56+07:00,151,110.00000,77.00000,27.10000,0.00000,,,,
2022-01-09T12:42:26+07:00,152,126.00000,77.00000,27.10000,0.00000,,,,
2022-01-09T12:42:56+07:00,153,110.00000,77.00000,27.10000,0.00000,,,,
2022-01-09T12:43:26+07:00,154,102.00000,77.00000,27.10000,0.00000,,,,
2022-01-09T12:43:59+07:00,155,100.00000,77.00000,27.10000,0.00000,,,,
2022-01-09T12:44:26+07:00,156,101.00000,77.00000,27.20000,0.00000,,,,
2022-01-09T12:44:58+07:00,157,109.00000,77.00000,27.10000,0.00000,,,,
2022-01-09T12:45:26+07:00,158,102.00000,77.00000,27.20000,0.00000,,,,
2022-01-09T12:45:56+07:00,159,96.00000,77.00000,27.20000,0.00000,,,,
2022-01-09T12:46:27+07:00,160,90.00000,77.00000,27.20000,0.00000,,,,
2022-01-09T12:46:57+07:00,161,88.00000,77.00000,27.20000,0.00000,,,,
2022-01-09T12:47:26+07:00,162,85.00000,77.00000,27.20000,0.00000,,,,
2022-01-09T12:47:56+07:00,163,84.00000,77.00000,27.20000,0.00000,,,,
2022-01-09T12:48:26+07:00,164,80.00000,77.00000,27.20000,0.00000,,,,
2022-01-09T12:48:57+07:00,165,79.00000,77.00000,27.20000,0.00000,,,,
2022-01-09T12:49:29+07:00,166,77.00000,77.00000,27.10000,0.00000,,,,
2022-01-09T12:49:56+07:00,167,76.00000,77.00000,27.10000,0.00000,,,,
2022-01-09T12:50:32+07:00,168,76.00000,77.00000,27.10000,0.00000,,,,
2022-01-09T12:50:56+07:00,169,75.00000,77.00000,27.10000,0.00000,,,,
2022-01-09T12:51:29+07:00,170,74.00000,77.00000,27.10000,0.00000,,,,
2022-01-09T12:51:57+07:00,171,76.00000,77.00000,27.10000,0.00000,,,,
2022-01-09T12:52:27+07:00,172,80.00000,77.00000,27.10000,0.00000,,,,
2022-01-09T12:52:56+07:00,173,80.00000,77.00000,27.10000,0.00000,,,,
2022-01-09T12:53:26+07:00,174,79.00000,77.00000,27.10000,0.00000,,,,
2022-01-09T12:53:56+07:00,175,79.00000,77.00000,27.10000,0.00000,,,,
2022-01-09T12:54:26+07:00,176,75.00000,77.00000,27.10000,0.00000,,,,
2022-01-09T12:54:56+07:00,177,75.00000,77.00000,27.10000,0.00000,,,,
2022-01-09T12:55:26+07:00,178,75.00000,77.00000,27.10000,0.00000,,,,
2022-01-09T12:55:56+07:00,179,74.00000,77.00000,27.10000,0.00000,,,,
2022-01-09T12:56:26+07:00,180,71.00000,77.00000,27.10000,0.00000,,,,
2022-01-09T12:56:56+07:00,181,70.00000,77.00000,27.10000,0.00000,,,,
2022-01-09T12:57:26+07:00,182,69.00000,77.00000,27.10000,0.00000,,,,
2022-01-09T12:57:56+07:00,183,68.00000,77.00000,27.10000,0.00000,,,,
2022-01-09T12:58:26+07:00,184,62.00000,77.00000,27.10000,0.00000,,,,
2022-01-09T12:58:56+07:00,185,65.00000,77.00000,27.10000,0.00000,,,,
2022-01-09T12:59:26+07:00,186,64.00000,77.00000,27.10000,0.00000,,,,
2022-01-09T12:59:56+07:00,187,63.00000,77.00000,27.10000,0.00000,,,,
2022-01-09T13:00:26+07:00,188,61.00000,77.00000,27.10000,0.00000,,,,
2022-01-09T13:00:57+07:00,189,60.00000,77.00000,27.20000,0.00000,,,,
2022-01-09T13:01:26+07:00,190,60.00000,77.00000,27.50000,0.00000,,,,
2022-01-09T13:01:56+07:00,191,61.00000,77.00000,27.60000,0.00000,,,,
2022-01-09T13:02:26+07:00,192,63.00000,77.00000,27.60000,0.00000,,,,
2022-01-09T13:02:56+07:00,193,65.00000,77.00000,27.60000,0.00000,,,,
2022-01-09T13:03:26+07:00,194,66.00000,77.00000,27.60000,0.00000,,,,
2022-01-09T13:03:56+07:00,195,71.00000,77.00000,27.60000,0.00000,,,,
2022-01-09T13:04:26+07:00,196,80.00000,77.00000,27.60000,0.00000,,,,
2022-01-09T13:04:56+07:00,197,75.00000,77.00000,27.60000,0.00000,,,,
2022-01-09T13:05:26+07:00,198,75.00000,77.00000,27.60000,0.00000,,,,
2022-01-09T13:05:57+07:00,199,77.00000,77.00000,27.60000,0.00000,,,,
2022-01-09T13:06:26+07:00,200,78.00000,77.00000,27.60000,0.00000,,,,
2022-01-09T13:06:56+07:00,201,79.00000,77.00000,27.60000,0.00000,,,,
2022-01-09T13:07:27+07:00,202,79.00000,77.00000,27.60000,0.00000,,,,
2022-01-09T13:07:56+07:00,203,79.00000,77.00000,27.60000,0.00000,,,,
2022-01-09T13:08:27+07:00,204,80.00000,77.00000,27.60000,0.00000,,,,
2022-01-09T13:08:56+07:00,205,83.00000,77.00000,27.60000,0.00000,,,,
2022-01-09T13:09:27+07:00,206,87.00000,77.00000,27.60000,0.00000,,,,
2022-01-09T13:09:56+07:00,207,90.00000,77.00000,27.60000,0.00000,,,,
2022-01-09T13:10:26+07:00,208,90.00000,77.00000,27.60000,0.00000,,,,
2022-01-09T13:10:56+07:00,209,88.00000,77.00000,27.60000,0.00000,,,,
2022-01-09T13:11:26+07:00,210,88.00000,77.00000,27.60000,0.00000,,,,
2022-01-09T13:11:56+07:00,211,89.00000,77.00000,27.60000,0.00000,,,,
2022-01-09T13:12:26+07:00,212,88.00000,77.00000,27.60000,0.00000,,,,
2022-01-09T13:12:56+07:00,213,88.00000,77.00000,27.60000,0.00000,,,,
2022-01-09T13:13:26+07:00,214,86.00000,77.00000,27.60000,0.00000,,,,
2022-01-09T13:13:57+07:00,215,85.00000,77.00000,27.60000,0.00000,,,,
2022-01-09T13:14:26+07:00,216,81.00000,77.00000,27.60000,0.00000,,,,
2022-01-09T13:14:56+07:00,217,79.00000,77.00000,27.60000,0.00000,,,,
2022-01-09T13:15:26+07:00,218,78.00000,77.00000,27.60000,0.00000,,,,
2022-01-09T13:15:56+07:00,219,77.00000,77.00000,27.60000,0.00000,,,,
2022-01-09T13:16:27+07:00,220,77.00000,77.00000,27.60000,0.00000,,,,
2022-01-09T13:16:56+07:00,221,78.00000,77.00000,27.60000,0.00000,,,,
2022-01-09T13:17:30+07:00,222,80.00000,77.00000,27.60000,0.00000,,,,
2022-01-09T13:17:56+07:00,223,81.00000,77.00000,27.60000,0.00000,,,,
2022-01-09T13:18:26+07:00,224,85.00000,77.00000,27.60000,0.00000,,,,
2022-01-09T13:18:56+07:00,225,85.00000,77.00000,27.60000,0.00000,,,,
2022-01-09T13:19:26+07:00,226,85.00000,77.00000,27.60000,0.00000,,,,
2022-01-09T13:19:59+07:00,227,85.00000,77.00000,27.60000,0.00000,,,,
2022-01-09T13:20:26+07:00,228,84.00000,77.00000,27.60000,0.00000,,,,
2022-01-09T13:20:56+07:00,229,82.00000,77.00000,27.60000,0.00000,,,,
2022-01-09T13:21:27+07:00,230,72.00000,77.00000,27.60000,0.00000,,,,
2022-01-09T13:21:56+07:00,231,73.00000,77.00000,27.60000,0.00000,,,,
2022-01-09T13:22:29+07:00,232,70.00000,77.00000,27.60000,0.00000,,,,
2022-01-09T13:22:56+07:00,233,72.00000,77.00000,27.60000,0.00000,,,,
2022-01-09T13:23:28+07:00,234,70.00000,77.00000,27.60000,0.00000,,,,
2022-01-09T13:23:57+07:00,235,70.00000,77.00000,27.60000,0.00000,,,,
2022-01-09T13:24:26+07:00,236,68.00000,77.00000,27.60000,0.00000,,,,
2022-01-09T13:24:56+07:00,237,66.00000,77.00000,27.60000,0.00000,,,,
2022-01-09T13:25:27+07:00,238,64.00000,77.00000,27.60000,0.00000,,,,
2022-01-09T13:25:58+07:00,239,62.00000,77.00000,27.50000,0.00000,,,,
2022-01-09T13:26:26+07:00,240,63.00000,77.00000,27.10000,0.00000,,,,
2022-01-09T13:26:56+07:00,241,62.00000,77.00000,27.10000,0.00000,,,,
2022-01-09T13:27:26+07:00,242,61.00000,78.00000,26.70000,0.00000,,,,
2022-01-09T13:27:56+07:00,243,61.00000,78.00000,26.70000,0.00000,,,,
2022-01-09T13:28:27+07:00,244,60.00000,79.00000,26.70000,0.00000,,,,
2022-01-09T13:28:56+07:00,245,55.00000,79.00000,26.70000,0.00000,,,,
2022-01-09T13:29:26+07:00,246,55.00000,79.00000,26.70000,0.00000,,,,
2022-01-09T13:29:56+07:00,247,55.00000,79.00000,26.70000,0.00000,,,,
2022-01-09T13:30:27+07:00,248,55.00000,80.00000,26.70000,0.00000,,,,
2022-01-09T13:30:56+07:00,249,56.00000,80.00000,26.70000,0.00000,,,,
2022-01-09T13:31:26+07:00,250,56.00000,80.00000,26.70000,0.00000,,,,
2022-01-09T13:31:56+07:00,251,59.00000,80.00000,26.70000,0.00000,,,,
2022-01-09T13:32:26+07:00,252,59.00000,80.00000,26.70000,0.00000,,,,
2022-01-09T13:32:56+07:00,253,59.00000,80.00000,26.70000,0.00000,,,,
2022-01-09T13:33:26+07:00,254,57.00000,80.00000,26.70000,0.00000,,,,
2022-01-09T13:33:56+07:00,255,55.00000,80.00000,26.70000,0.00000,,,,
2022-01-09T13:34:26+07:00,256,55.00000,80.00000,26.70000,0.00000,,,,
2022-01-09T13:34:59+07:00,257,55.00000,80.00000,26.70000,0.00000,,,,
2022-01-09T13:35:26+07:00,258,54.00000,80.00000,26.70000,0.00000,,,,
2022-01-09T13:35:56+07:00,259,53.00000,80.00000,26.70000,0.00000,,,,
2022-01-09T13:36:26+07:00,260,53.00000,80.00000,26.70000,0.00000,,,,
2022-01-09T13:36:56+07:00,261,50.00000,80.00000,26.70000,0.00000,,,,
2022-01-09T13:37:26+07:00,262,50.00000,80.00000,26.70000,0.00000,,,,
2022-01-09T13:37:57+07:00,263,48.00000,80.00000,26.70000,0.00000,,,,
2022-01-09T13:38:26+07:00,264,47.00000,80.00000,26.70000,0.00000,,,,
2022-01-09T13:38:56+07:00,265,47.00000,80.00000,26.70000,0.00000,,,,
2022-01-09T13:39:27+07:00,266,48.00000,80.00000,26.70000,0.00000,,,,
2022-01-09T13:39:57+07:00,267,48.00000,80.00000,26.70000,0.00000,,,,
2022-01-09T13:40:29+07:00,268,48.00000,80.00000,26.70000,0.00000,,,,
2022-01-09T13:40:59+07:00,269,48.00000,80.00000,26.70000,0.00000,,,,
2022-01-09T13:41:26+07:00,270,49.00000,80.00000,26.70000,0.00000,,,,
2022-01-09T13:41:56+07:00,271,42.00000,80.00000,26.70000,0.00000,,,,
2022-01-09T13:42:26+07:00,272,44.00000,80.00000,26.70000,0.00000,,,,
2022-01-09T13:42:57+07:00,273,47.00000,80.00000,26.70000,0.00000,,,,
2022-01-09T13:43:26+07:00,274,47.00000,80.00000,26.70000,0.00000,,,,
2022-01-09T13:43:57+07:00,275,47.00000,80.00000,26.70000,0.00000,,,,
2022-01-09T13:44:26+07:00,276,47.00000,80.00000,26.70000,0.00000,,,,
2022-01-09T13:44:57+07:00,277,47.00000,80.00000,26.70000,0.00000,,,,
2022-01-09T13:45:26+07:00,278,48.00000,80.00000,26.70000,0.00000,,,,
2022-01-09T13:45:56+07:00,279,47.00000,80.00000,26.70000,0.00000,,,,
2022-01-09T13:46:27+07:00,280,47.00000,80.00000,26.70000,0.00000,,,,
2022-01-09T13:46:56+07:00,281,45.00000,80.00000,26.70000,0.00000,,,,
2022-01-09T13:47:26+07:00,282,48.00000,80.00000,26.39000,0.00000,,,,
2022-01-09T13:47:56+07:00,283,51.00000,80.00000,26.29000,0.00000,,,,
2022-01-09T13:48:26+07:00,284,51.00000,80.00000,26.20000,0.00000,,,,
2022-01-09T13:48:56+07:00,285,54.00000,80.00000,26.29000,0.00000,,,,
2022-01-09T13:49:26+07:00,286,56.00000,80.00000,26.29000,0.00000,,,,
2022-01-09T13:49:56+07:00,287,53.00000,80.00000,26.29000,0.00000,,,,
2022-01-09T13:50:26+07:00,288,54.00000,80.00000,26.50000,0.00000,,,,
2022-01-09T13:50:57+07:00,289,55.00000,80.00000,26.70000,0.00000,,,,
2022-01-09T13:51:26+07:00,290,59.00000,80.00000,26.70000,0.00000,,,,
2022-01-09T13:51:59+07:00,291,57.00000,80.00000,26.70000,0.00000,,,,
2022-01-09T13:52:26+07:00,292,59.00000,80.00000,26.70000,0.00000,,,,
2022-01-09T13:53:00+07:00,293,60.00000,80.00000,26.70000,0.00000,,,,
2022-01-09T13:53:26+07:00,294,60.00000,80.00000,26.70000,0.00000,,,,
2022-01-09T13:53:56+07:00,295,59.00000,80.00000,26.70000,0.00000,,,,
2022-01-09T13:54:27+07:00,296,59.00000,80.00000,26.70000,0.00000,,,,
2022-01-09T13:54:57+07:00,297,58.00000,80.00000,26.70000,0.00000,,,,
2022-01-09T13:55:26+07:00,298,58.00000,80.00000,26.70000,0.00000,,,,
2022-01-09T13:55:56+07:00,299,59.00000,80.00000,26.70000,0.00000,,,,
2022-01-09T13:56:26+07:00,300,59.00000,80.00000,26.70000,0.00000,,,,
2022-01-09T13:56:56+07:00,301,60.00000,80.00000,26.70000,0.00000,,,,
2022-01-09T13:57:26+07:00,302,60.00000,80.00000,26.70000,0.00000,,,,
2022-01-09T13:57:58+07:00,303,60.00000,80.00000,26.70000,0.00000,,,,
2022-01-09T13:58:26+07:00,304,60.00000,80.00000,26.70000,0.00000,,,,
2022-01-09T13:58:56+07:00,305,59.00000,80.00000,26.70000,0.00000,,,,
2022-01-09T13:59:27+07:00,306,57.00000,80.00000,26.70000,0.00000,,,,
2022-01-09T13:59:56+07:00,307,53.00000,80.00000,26.70000,0.00000,,,,
2022-01-09T14:00:27+07:00,308,50.00000,80.00000,26.70000,0.00000,,,,
2022-01-09T14:00:56+07:00,309,48.00000,80.00000,26.70000,0.00000,,,,
2022-01-09T14:01:26+07:00,310,44.00000,80.00000,26.70000,0.00000,,,,
2022-01-09T14:01:57+07:00,311,43.00000,80.00000,26.70000,0.00000,,,,
2022-01-09T14:02:29+07:00,312,43.00000,80.00000,26.70000,0.00000,,,,
2022-01-09T14:02:57+07:00,313,43.00000,80.00000,26.70000,0.00000,,,,
2022-01-09T14:03:26+07:00,314,41.00000,80.00000,26.70000,0.00000,,,,
2022-01-09T14:03:56+07:00,315,42.00000,80.00000,26.70000,0.00000,,,,
2022-01-09T14:04:26+07:00,316,40.00000,80.00000,26.70000,0.00000,,,,
2022-01-09T14:04:56+07:00,317,44.00000,80.00000,26.70000,0.00000,,,,
2022-01-09T14:05:26+07:00,318,44.00000,80.00000,26.70000,0.00000,,,,
2022-01-09T14:05:56+07:00,319,45.00000,80.00000,26.70000,0.00000,,,,
2022-01-09T14:06:29+07:00,320,44.00000,80.00000,26.70000,0.00000,,,,
2022-01-09T14:06:56+07:00,321,47.00000,80.00000,26.70000,0.00000,,,,
2022-01-09T14:07:26+07:00,322,48.00000,80.00000,26.70000,0.00000,,,,
2022-01-09T14:07:56+07:00,323,45.00000,80.00000,26.70000,0.00000,,,,
2022-01-09T14:08:26+07:00,324,47.00000,80.00000,26.70000,0.00000,,,,
2022-01-09T14:08:56+07:00,325,44.00000,80.00000,26.70000,0.00000,,,,
2022-01-09T14:09:27+07:00,326,47.00000,80.00000,26.70000,0.00000,,,,
2022-01-09T14:09:56+07:00,327,45.00000,80.00000,26.70000,0.00000,,,,
2022-01-09T14:10:26+07:00,328,49.00000,80.00000,26.70000,0.00000,,,,
2022-01-09T14:10:57+07:00,329,50.00000,80.00000,26.70000,0.00000,,,,
2022-01-09T14:11:29+07:00,330,49.00000,81.00000,26.70000,0.00000,,,,
2022-01-09T14:11:56+07:00,331,49.00000,81.00000,26.70000,0.00000,,,,
2022-01-09T14:12:26+07:00,332,49.00000,81.00000,26.70000,0.00000,,,,
2022-01-09T14:12:56+07:00,333,49.00000,81.00000,26.70000,0.00000,,,,
2022-01-09T14:13:26+07:00,334,48.00000,81.00000,26.70000,0.00000,,,,
2022-01-09T14:13:56+07:00,335,45.00000,81.00000,26.70000,0.00000,,,,
2022-01-09T14:14:27+07:00,336,40.00000,80.00000,26.70000,0.00000,,,,
2022-01-09T14:14:58+07:00,337,40.00000,81.00000,26.70000,0.00000,,,,
2022-01-09T14:15:26+07:00,338,37.00000,80.00000,26.70000,0.00000,,,,
2022-01-09T14:16:26+07:00,339,33.00000,81.00000,26.70000,0.00000,,,,
2022-01-09T14:16:56+07:00,340,32.00000,80.00000,26.70000,0.00000,,,,
2022-01-09T14:17:26+07:00,341,31.00000,80.00000,26.70000,0.00000,,,,
2022-01-09T14:17:56+07:00,342,30.00000,80.00000,26.70000,0.00000,,,,
2022-01-09T14:18:30+07:00,343,30.00000,80.00000,26.70000,0.00000,,,,
2022-01-09T14:18:56+07:00,344,28.00000,80.00000,26.70000,0.00000,,,,
2022-01-09T14:19:26+07:00,345,27.00000,81.00000,26.70000,0.00000,,,,
2022-01-09T14:19:56+07:00,346,27.00000,81.00000,26.70000,0.00000,,,,
2022-01-09T14:20:26+07:00,347,27.00000,81.00000,26.70000,0.00000,,,,
2022-01-09T14:20:57+07:00,348,27.00000,81.00000,26.70000,0.00000,,,,
2022-01-09T14:21:30+07:00,349,27.00000,81.00000,26.60000,0.00000,,,,
2022-01-09T14:21:57+07:00,350,27.00000,81.00000,26.60000,0.00000,,,,
2022-01-09T14:22:27+07:00,351,28.00000,81.00000,26.70000,0.00000,,,,
2022-01-09T14:22:56+07:00,352,29.00000,81.00000,26.39000,0.00000,,,,
2022-01-09T14:23:29+07:00,353,30.00000,81.00000,26.29000,0.00000,,,,
2022-01-09T14:23:56+07:00,354,31.00000,81.00000,26.39000,0.00000,,,,
2022-01-09T14:24:31+07:00,355,30.00000,81.00000,26.60000,0.00000,,,,
2022-01-09T14:24:57+07:00,356,30.00000,81.00000,26.70000,0.00000,,,,
2022-01-09T14:25:26+07:00,357,30.00000,81.00000,26.70000,0.00000,,,,
2022-01-09T14:25:56+07:00,358,30.00000,81.00000,26.70000,0.00000,,,,
2022-01-09T14:26:29+07:00,359,30.00000,81.00000,26.70000,0.00000,,,,
2022-01-09T14:26:56+07:00,360,30.00000,81.00000,26.70000,0.00000,,,,
2022-01-09T14:27:26+07:00,361,31.00000,81.00000,26.70000,0.00000,,,,
2022-01-09T14:27:56+07:00,362,32.00000,81.00000,26.60000,0.00000,,,,
2022-01-09T14:28:26+07:00,363,32.00000,81.00000,26.70000,0.00000,,,,
2022-01-09T14:28:56+07:00,364,32.00000,81.00000,26.70000,0.00000,,,,
2022-01-09T14:29:26+07:00,365,32.00000,81.00000,26.70000,0.00000,,,,
2022-01-09T14:29:57+07:00,366,33.00000,81.00000,26.70000,0.00000,,,,
2022-01-09T14:30:26+07:00,367,34.00000,81.00000,26.70000,0.00000,,,,
2022-01-09T14:31:04+07:00,368,35.00000,81.00000,26.60000,0.00000,,,,
2022-01-09T14:31:26+07:00,369,36.00000,81.00000,26.70000,0.00000,,,,
2022-01-09T14:31:59+07:00,370,40.00000,81.00000,26.70000,0.00000,,,,
2022-01-09T14:32:29+07:00,371,40.00000,81.00000,26.70000,0.00000,,,,
2022-01-09T14:32:57+07:00,372,41.00000,81.00000,26.70000,0.00000,,,,
2022-01-09T14:33:29+07:00,373,43.00000,81.00000,26.70000,0.00000,,,,
2022-01-09T14:33:56+07:00,374,45.00000,81.00000,26.70000,0.00000,,,,
2022-01-09T14:34:26+07:00,375,44.00000,81.00000,26.29000,0.00000,,,,
2022-01-09T14:34:57+07:00,376,43.00000,81.00000,26.20000,0.00000,,,,
2022-01-09T14:35:26+07:00,377,45.00000,81.00000,26.20000,0.00000,,,,
2022-01-09T14:35:56+07:00,378,46.00000,81.00000,26.20000,0.00000,,,,
2022-01-09T14:36:26+07:00,379,46.00000,81.00000,26.20000,0.00000,,,,
2022-01-09T14:36:59+07:00,380,45.00000,81.00000,26.20000,0.00000,,,,
2022-01-09T14:37:26+07:00,381,50.00000,81.00000,26.20000,0.00000,,,,
2022-01-09T14:37:56+07:00,382,49.00000,81.00000,26.29000,0.00000,,,,
2022-01-09T14:38:26+07:00,383,50.00000,81.00000,26.39000,0.00000,,,,
2022-01-09T14:39:02+07:00,384,54.00000,81.00000,26.70000,0.00000,,,,
2022-01-09T14:39:26+07:00,385,55.00000,81.00000,26.70000,0.00000,,,,
2022-01-09T14:39:57+07:00,386,56.00000,81.00000,26.70000,0.00000,,,,
2022-01-09T14:40:26+07:00,387,59.00000,81.00000,26.70000,0.00000,,,,
2022-01-09T14:40:57+07:00,388,65.00000,81.00000,26.70000,0.00000,,,,
2022-01-09T14:41:26+07:00,389,65.00000,81.00000,26.70000,0.00000,,,,
2022-01-09T14:41:56+07:00,390,65.00000,81.00000,26.60000,0.00000,,,,
2022-01-09T14:42:26+07:00,391,65.00000,81.00000,26.20000,0.00000,,,,
2022-01-09T14:42:56+07:00,392,63.00000,81.00000,26.20000,0.00000,,,,
2022-01-09T14:43:26+07:00,393,63.00000,81.00000,26.20000,0.00000,,,,
2022-01-09T14:43:57+07:00,394,62.00000,81.00000,26.20000,0.00000,,,,
2022-01-09T14:44:26+07:00,395,61.00000,81.00000,26.20000,0.00000,,,,
2022-01-09T14:44:56+07:00,396,60.00000,81.00000,26.20000,0.00000,,,,
2022-01-09T14:45:29+07:00,397,59.00000,81.00000,26.20000,0.00000,,,,
2022-01-09T14:45:56+07:00,398,60.00000,81.00000,26.29000,0.00000,,,,
2022-01-09T14:57:56+07:00,399,57.00000,80.00000,27.60000,0.00000,,,,
2022-01-09T14:58:26+07:00,400,56.00000,79.00000,27.10000,0.00000,,,,
2022-01-09T14:58:56+07:00,401,54.00000,79.00000,26.70000,0.00000,,,,
2022-01-09T15:00:39+07:00,402,53.00000,80.00000,26.70000,0.00000,,,,
2022-01-09T15:01:09+07:00,403,53.00000,81.00000,26.70000,0.00000,,,,
2022-01-09T15:01:40+07:00,404,51.00000,81.00000,26.70000,0.00000,,,,
2022-01-09T15:02:09+07:00,405,50.00000,81.00000,26.70000,0.00000,,,,
2022-01-09T15:02:39+07:00,406,51.00000,81.00000,26.70000,0.00000,,,,
2022-01-09T15:03:09+07:00,407,48.00000,81.00000,26.70000,0.00000,,,,
2022-01-09T15:03:39+07:00,408,47.00000,81.00000,26.70000,0.00000,,,,
2022-01-09T15:04:09+07:00,409,46.00000,81.00000,26.70000,0.00000,,,,
2022-01-09T15:04:39+07:00,410,45.00000,81.00000,26.70000,0.00000,,,,
2022-01-09T15:05:09+07:00,411,44.00000,81.00000,26.70000,0.00000,,,,
2022-01-09T15:05:39+07:00,412,44.00000,81.00000,26.70000,0.00000,,,,
2022-01-09T15:06:09+07:00,413,41.00000,81.00000,26.70000,0.00000,,,,
2022-01-09T15:06:39+07:00,414,41.00000,81.00000,26.70000,0.00000,,,,
2022-01-09T15:07:12+07:00,415,41.00000,81.00000,26.70000,0.00000,,,,
2022-01-09T15:07:39+07:00,416,43.00000,81.00000,26.70000,0.00000,,,,
2022-01-09T15:08:09+07:00,417,44.00000,81.00000,26.70000,0.00000,,,,
2022-01-09T15:08:43+07:00,418,41.00000,81.00000,26.70000,0.00000,,,,
2022-01-09T15:09:10+07:00,419,41.00000,81.00000,26.70000,0.00000,,,,
2022-01-09T15:09:42+07:00,420,40.00000,81.00000,26.70000,0.00000,,,,
2022-01-09T15:10:10+07:00,421,38.00000,81.00000,26.70000,0.00000,,,,
2022-01-09T15:10:39+07:00,422,37.00000,81.00000,26.70000,0.00000,,,,
2022-01-09T15:11:09+07:00,423,36.00000,81.00000,26.70000,0.00000,,,,
2022-01-09T15:11:39+07:00,424,37.00000,81.00000,26.70000,0.00000,,,,
2022-01-09T15:12:16+07:00,425,35.00000,81.00000,26.70000,0.00000,,,,
2022-01-09T15:12:39+07:00,426,36.00000,81.00000,26.70000,0.00000,,,,
2022-01-09T15:13:12+07:00,427,37.00000,81.00000,26.70000,0.00000,,,,
2022-01-09T15:13:39+07:00,428,38.00000,81.00000,26.70000,0.00000,,,,
2022-01-09T15:14:15+07:00,429,37.00000,81.00000,26.70000,0.00000,,,,
2022-01-09T15:14:39+07:00,430,38.00000,81.00000,26.70000,0.00000,,,,
2022-01-09T15:15:09+07:00,431,37.00000,81.00000,26.70000,0.00000,,,,
2022-01-09T15:15:39+07:00,432,37.00000,81.00000,26.70000,0.00000,,,,
2022-01-09T15:16:09+07:00,433,34.00000,81.00000,26.70000,0.00000,,,,
2022-01-09T15:16:39+07:00,434,31.00000,81.00000,26.70000,0.00000,,,,
2022-01-09T15:17:09+07:00,435,36.00000,81.00000,26.70000,0.00000,,,,
2022-01-09T15:17:39+07:00,436,36.00000,81.00000,26.70000,0.00000,,,,
2022-01-09T15:18:09+07:00,437,37.00000,81.00000,26.70000,0.00000,,,,
2022-01-09T15:18:39+07:00,438,38.00000,81.00000,26.70000,0.00000,,,,
2022-01-09T15:19:09+07:00,439,39.00000,80.00000,26.70000,2.00000,,,,
2022-01-09T15:19:39+07:00,440,39.00000,80.00000,26.70000,0.00000,,,,
2022-01-09T15:20:09+07:00,441,40.00000,80.00000,26.70000,4.00000,,,,
2022-01-09T15:20:40+07:00,442,41.00000,80.00000,26.70000,1.00000,,,,
2022-01-09T15:21:09+07:00,443,37.00000,80.00000,26.70000,6.00000,,,,
2022-01-09T15:21:41+07:00,444,35.00000,80.00000,26.70000,1.00000,,,,
2022-01-09T15:22:09+07:00,445,39.00000,80.00000,27.00000,0.00000,,,,
2022-01-09T15:22:39+07:00,446,40.00000,80.00000,27.10000,2.00000,,,,
2022-01-09T15:23:09+07:00,447,40.00000,80.00000,27.10000,2.00000,,,,
2022-01-09T15:23:39+07:00,448,39.00000,80.00000,27.10000,0.00000,,,,
2022-01-09T15:24:09+07:00,449,35.00000,80.00000,27.10000,2.00000,,,,
2022-01-09T15:24:39+07:00,450,37.00000,80.00000,27.10000,8.00000,,,,
2022-01-09T15:25:09+07:00,451,37.00000,80.00000,27.10000,8.00000,,,,
2022-01-09T15:25:39+07:00,452,36.00000,80.00000,27.10000,1.00000,,,,
2022-01-09T15:26:09+07:00,453,36.00000,80.00000,27.10000,10.00000,,,,
2022-01-09T15:26:39+07:00,454,36.00000,80.00000,27.10000,5.00000,,,,
2022-01-09T15:27:09+07:00,455,36.00000,80.00000,27.10000,5.00000,,,,
2022-01-09T15:27:40+07:00,456,36.00000,80.00000,27.10000,7.00000,,,,
2022-01-09T15:28:39+07:00,457,35.00000,80.00000,27.10000,10.00000,,,,
2022-01-09T15:29:09+07:00,458,35.00000,80.00000,27.10000,10.00000,,,,
2022-01-09T15:29:40+07:00,459,35.00000,80.00000,27.10000,1.00000,,,,
2022-01-09T15:30:10+07:00,460,36.00000,79.00000,27.10000,10.00000,,,,
2022-01-09T15:30:40+07:00,461,36.00000,79.00000,27.10000,5.00000,,,,
2022-01-09T15:31:11+07:00,462,36.00000,79.00000,27.10000,0.00000,,,,
2022-01-09T15:31:39+07:00,463,36.00000,79.00000,27.10000,4.00000,,,,
2022-01-09T15:32:09+07:00,464,36.00000,79.00000,27.10000,8.00000,,,,
2022-01-09T15:32:40+07:00,465,36.00000,79.00000,27.10000,7.00000,,,,
2022-01-09T15:33:09+07:00,466,36.00000,79.00000,27.10000,7.00000,,,,
2022-01-09T15:33:39+07:00,467,36.00000,79.00000,27.10000,9.00000,,,,
2022-01-09T15:34:09+07:00,468,35.00000,79.00000,27.10000,9.00000,,,,
2022-01-09T15:34:40+07:00,469,24.00000,79.00000,27.10000,22.00000,,,,
2022-01-09T15:35:09+07:00,470,24.00000,79.00000,27.10000,21.00000,,,,
2022-01-09T15:35:39+07:00,471,23.00000,79.00000,27.10000,6.00000,,,,
2022-01-09T15:36:11+07:00,472,23.00000,79.00000,27.10000,31.00000,,,,
2022-01-09T15:36:39+07:00,473,22.00000,79.00000,27.10000,36.00000,,,,
2022-01-09T15:37:09+07:00,474,22.00000,79.00000,27.10000,6.00000,,,,
2022-01-09T15:37:39+07:00,475,21.00000,79.00000,27.10000,15.00000,,,,
2022-01-09T15:38:09+07:00,476,21.00000,79.00000,27.10000,11.00000,,,,
2022-01-09T15:38:39+07:00,477,21.00000,79.00000,27.10000,9.00000,,,,
2022-01-09T15:39:09+07:00,478,21.00000,79.00000,27.10000,22.00000,,,,
2022-01-09T15:39:40+07:00,479,20.00000,79.00000,27.10000,11.00000,,,,
2022-01-09T15:40:09+07:00,480,20.00000,79.00000,27.10000,8.00000,,,,
2022-01-09T15:40:39+07:00,481,20.00000,79.00000,27.10000,29.00000,,,,
2022-01-09T15:41:11+07:00,482,20.00000,79.00000,27.10000,19.00000,,,,
2022-01-09T15:41:39+07:00,483,20.00000,79.00000,27.10000,15.00000,,,,
2022-01-09T15:42:09+07:00,484,20.00000,79.00000,27.10000,24.00000,,,,
2022-01-09T15:42:39+07:00,485,20.00000,79.00000,27.10000,21.00000,,,,
2022-01-09T15:43:12+07:00,486,21.00000,79.00000,27.10000,19.00000,,,,
2022-01-09T15:43:39+07:00,487,21.00000,79.00000,27.10000,15.00000,,,,
2022-01-09T15:44:09+07:00,488,20.00000,79.00000,27.10000,74.00000,,,,
2022-01-09T15:44:39+07:00,489,20.00000,79.00000,27.10000,9.00000,,,,
2022-01-09T15:45:09+07:00,490,20.00000,79.00000,27.10000,24.00000,,,,
2022-01-09T15:45:39+07:00,491,20.00000,79.00000,27.10000,19.00000,,,,
2022-01-09T15:46:09+07:00,492,20.00000,79.00000,27.10000,21.00000,,,,
2022-01-09T15:46:40+07:00,493,20.00000,79.00000,27.10000,82.00000,,,,
2022-01-09T15:47:09+07:00,494,20.00000,79.00000,27.10000,15.00000,,,,
2022-01-09T15:47:39+07:00,495,20.00000,79.00000,27.10000,11.00000,,,,
2022-01-09T15:48:09+07:00,496,21.00000,79.00000,27.10000,9.00000,,,,
2022-01-09T15:48:39+07:00,497,21.00000,79.00000,27.10000,24.00000,,,,
2022-01-09T15:49:09+07:00,498,22.00000,79.00000,27.10000,21.00000,,,,
2022-01-09T15:49:39+07:00,499,22.00000,79.00000,27.10000,21.00000,,,,
2022-01-09T15:50:09+07:00,500,21.00000,79.00000,27.10000,36.00000,,,,
2022-01-09T15:50:39+07:00,501,21.00000,78.00000,27.10000,26.00000,,,,
2022-01-09T15:51:10+07:00,502,21.00000,78.00000,27.10000,42.00000,,,,
2022-01-09T15:51:39+07:00,503,21.00000,78.00000,27.10000,50.00000,,,,
2022-01-09T15:52:09+07:00,504,21.00000,78.00000,27.10000,54.00000,,,,
2022-01-09T15:52:39+07:00,505,21.00000,78.00000,27.10000,50.00000,,,,
2022-01-09T15:53:09+07:00,506,20.00000,78.00000,27.10000,65.00000,,,,
2022-01-09T15:53:39+07:00,507,20.00000,78.00000,27.10000,74.00000,,,,
2022-01-09T15:54:09+07:00,508,20.00000,78.00000,27.10000,83.00000,,,,
2022-01-09T15:54:39+07:00,509,20.00000,78.00000,27.10000,65.00000,,,,
2022-01-09T15:55:09+07:00,510,21.00000,78.00000,27.10000,69.00000,,,,
2022-01-09T15:55:39+07:00,511,21.00000,78.00000,27.10000,77.00000,,,,
2022-01-09T15:56:11+07:00,512,20.00000,78.00000,27.10000,96.00000,,,,
2022-01-09T15:56:39+07:00,513,21.00000,78.00000,27.10000,96.00000,,,,
2022-01-09T15:57:09+07:00,514,20.00000,78.00000,27.10000,69.00000,,,,
2022-01-09T15:57:39+07:00,515,20.00000,78.00000,27.10000,108.00000,,,,
2022-01-09T15:58:09+07:00,516,20.00000,78.00000,27.10000,100.00000,,,,
2022-01-09T15:58:39+07:00,517,20.00000,78.00000,27.10000,122.00000,,,,
2022-01-09T15:59:09+07:00,518,20.00000,78.00000,27.10000,96.00000,,,,
2022-01-09T15:59:39+07:00,519,20.00000,78.00000,27.10000,112.00000,,,,
2022-01-09T16:00:09+07:00,520,20.00000,78.00000,27.10000,100.00000,,,,
2022-01-09T16:00:39+07:00,521,20.00000,78.00000,27.10000,96.00000,,,,
2022-01-09T16:01:09+07:00,522,20.00000,78.00000,27.10000,83.00000,,,,
2022-01-09T16:01:39+07:00,523,20.00000,78.00000,27.10000,100.00000,,,,
2022-01-09T16:02:09+07:00,524,20.00000,78.00000,27.10000,191.00000,,,,
2022-01-09T16:02:39+07:00,525,20.00000,78.00000,27.10000,122.00000,,,,
2022-01-09T16:03:09+07:00,526,19.00000,78.00000,27.10000,133.00000,,,,
2022-01-09T16:03:39+07:00,527,19.00000,78.00000,27.10000,122.00000,,,,
2022-01-09T16:04:09+07:00,528,20.00000,78.00000,27.10000,158.00000,,,,
2022-01-09T16:04:39+07:00,529,19.00000,78.00000,27.10000,133.00000,,,,
2022-01-09T16:05:09+07:00,530,19.00000,78.00000,27.10000,65.00000,,,,
2022-01-09T16:05:39+07:00,531,19.00000,78.00000,27.10000,201.00000,,,,
2022-01-09T16:06:09+07:00,532,19.00000,78.00000,27.10000,174.00000,,,,
2022-01-09T16:06:39+07:00,533,19.00000,78.00000,27.10000,127.00000,,,,
2022-01-09T16:07:09+07:00,534,19.00000,78.00000,27.10000,127.00000,,,,
2022-01-09T16:07:39+07:00,535,18.00000,78.00000,27.10000,158.00000,,,,
2022-01-09T16:08:09+07:00,536,18.00000,78.00000,27.10000,108.00000,,,,
2022-01-09T16:08:42+07:00,537,18.00000,78.00000,27.10000,96.00000,,,,
2022-01-09T16:09:09+07:00,538,18.00000,78.00000,27.10000,96.00000,,,,
2022-01-09T16:09:39+07:00,539,18.00000,78.00000,27.10000,74.00000,,,,
2022-01-09T16:10:09+07:00,540,18.00000,78.00000,27.10000,127.00000,,,,
2022-01-09T16:10:39+07:00,541,17.00000,78.00000,27.10000,96.00000,,,,
2022-01-09T16:11:10+07:00,542,17.00000,79.00000,27.10000,150.00000,,,,
2022-01-09T16:11:39+07:00,543,17.00000,79.00000,27.10000,132.00000,,,,
2022-01-09T16:12:09+07:00,544,17.00000,79.00000,27.10000,138.00000,,,,
2022-01-09T16:12:39+07:00,545,17.00000,79.00000,27.10000,85.00000,,,,
2022-01-09T16:13:12+07:00,546,17.00000,78.00000,27.10000,108.00000,,,,
2022-01-09T16:13:39+07:00,547,16.00000,78.00000,27.10000,158.00000,,,,
2022-01-09T16:14:09+07:00,548,16.00000,78.00000,27.10000,138.00000,,,,
2022-01-09T16:14:39+07:00,549,16.00000,78.00000,27.10000,191.00000,,,,
2022-01-09T16:15:11+07:00,550,15.00000,79.00000,27.10000,121.00000,,,,
2022-01-09T16:15:39+07:00,551,15.00000,78.00000,27.10000,174.00000,,,,
2022-01-09T16:16:09+07:00,552,15.00000,78.00000,27.10000,108.00000,,,,
2022-01-09T16:16:39+07:00,553,15.00000,78.00000,27.10000,112.00000,,,,
2022-01-09T16:17:11+07:00,554,15.00000,78.00000,27.10000,122.00000,,,,
2022-01-09T16:17:39+07:00,555,15.00000,79.00000,27.10000,190.00000,,,,
2022-01-09T16:18:09+07:00,556,15.00000,78.00000,27.10000,182.00000,,,,
2022-01-09T16:18:39+07:00,557,15.00000,78.00000,27.10000,151.00000,,,,
2022-01-09T16:19:09+07:00,558,15.00000,78.00000,27.10000,100.00000,,,,
2022-01-09T16:19:39+07:00,559,14.00000,78.00000,27.10000,234.00000,,,,
2022-01-09T16:20:09+07:00,560,14.00000,78.00000,27.10000,174.00000,,,,
2022-01-09T16:20:39+07:00,561,13.00000,78.00000,27.10000,201.00000,,,,
2022-01-09T16:21:09+07:00,562,13.00000,78.00000,27.10000,122.00000,,,,
2022-01-09T16:21:39+07:00,563,13.00000,78.00000,27.10000,174.00000,,,,
2022-01-09T16:22:09+07:00,564,13.00000,78.00000,27.10000,182.00000,,,,
2022-01-09T16:22:39+07:00,565,12.00000,78.00000,27.10000,151.00000,,,,
2022-01-09T16:23:09+07:00,566,13.00000,78.00000,27.10000,138.00000,,,,
2022-01-09T16:23:39+07:00,567,13.00000,78.00000,27.10000,182.00000,,,,
2022-01-09T16:24:09+07:00,568,13.00000,78.00000,27.10000,182.00000,,,,
2022-01-09T16:24:39+07:00,569,13.00000,78.00000,27.10000,260.00000,,,,
2022-01-09T16:25:09+07:00,570,12.00000,78.00000,27.10000,201.00000,,,,
2022-01-09T16:25:39+07:00,571,12.00000,78.00000,27.10000,108.00000,,,,
2022-01-09T16:26:09+07:00,572,12.00000,78.00000,27.10000,191.00000,,,,
2022-01-09T16:26:48+07:00,573,12.00000,78.00000,27.10000,166.00000,,,,
2022-01-09T16:27:09+07:00,574,12.00000,78.00000,27.10000,211.00000,,,,
2022-01-09T16:27:39+07:00,575,12.00000,78.00000,27.10000,174.00000,,,,
2022-01-09T16:28:09+07:00,576,12.00000,78.00000,27.10000,191.00000,,,,
2022-01-09T16:28:39+07:00,577,12.00000,78.00000,27.10000,326.00000,,,,
2022-01-09T16:29:09+07:00,578,12.00000,79.00000,27.10000,221.00000,,,,
2022-01-09T16:29:40+07:00,579,12.00000,78.00000,27.10000,182.00000,,,,
2022-01-09T16:30:10+07:00,580,11.00000,79.00000,27.10000,150.00000,,,,
2022-01-09T16:30:39+07:00,581,11.00000,79.00000,27.10000,199.00000,,,,
2022-01-09T16:31:09+07:00,582,11.00000,79.00000,27.10000,210.00000,,,,
2022-01-09T16:31:39+07:00,583,11.00000,79.00000,27.10000,245.00000,,,,
2022-01-09T16:32:09+07:00,584,11.00000,79.00000,27.10000,165.00000,,,,
2022-01-09T16:32:42+07:00,585,11.00000,79.00000,27.10000,210.00000,,,,
2022-01-09T16:33:09+07:00,586,11.00000,79.00000,27.10000,273.00000,,,,
2022-01-09T16:33:39+07:00,587,11.00000,79.00000,27.10000,150.00000,,,,
2022-01-09T16:34:09+07:00,588,10.00000,79.00000,27.10000,190.00000,,,,
2022-01-09T16:34:39+07:00,589,10.00000,79.00000,27.10000,210.00000,,,,
2022-01-09T16:35:09+07:00,590,10.00000,79.00000,27.10000,306.00000,,,,
2022-01-09T16:35:39+07:00,591,10.00000,79.00000,27.10000,157.00000,,,,
2022-01-09T16:36:09+07:00,592,10.00000,79.00000,27.10000,181.00000,,,,
2022-01-09T16:36:41+07:00,593,10.00000,79.00000,27.10000,181.00000,,,,
2022-01-09T16:37:09+07:00,594,10.00000,79.00000,27.10000,173.00000,,,,
2022-01-09T16:37:39+07:00,595,10.00000,78.00000,27.10000,211.00000,,,,
2022-01-09T16:38:09+07:00,596,10.00000,79.00000,27.10000,210.00000,,,,
2022-01-09T16:38:39+07:00,597,10.00000,78.00000,27.10000,151.00000,,,,
2022-01-09T16:39:09+07:00,598,10.00000,78.00000,27.10000,182.00000,,,,
2022-01-09T16:39:42+07:00,599,10.00000,79.00000,27.10000,199.00000,,,,
2022-01-09T16:40:09+07:00,600,9.00000,79.00000,27.10000,289.00000,,,,
2022-01-09T16:40:39+07:00,601,9.00000,79.00000,27.10000,210.00000,,,,
2022-01-09T16:41:09+07:00,602,9.00000,79.00000,27.10000,138.00000,,,,
2022-01-09T16:41:39+07:00,603,9.00000,79.00000,27.10000,181.00000,,,,
2022-01-09T16:42:09+07:00,604,9.00000,79.00000,27.10000,190.00000,,,,
2022-01-09T16:42:39+07:00,605,8.00000,79.00000,27.10000,165.00000,,,,
2022-01-09T16:43:09+07:00,606,8.00000,79.00000,27.10000,221.00000,,,,
2022-01-09T16:43:39+07:00,607,8.00000,79.00000,27.10000,210.00000,,,,
2022-01-09T16:44:11+07:00,608,8.00000,79.00000,27.10000,165.00000,,,,
2022-01-09T16:44:39+07:00,609,8.00000,79.00000,27.10000,210.00000,,,,
2022-01-09T16:45:09+07:00,610,7.00000,79.00000,27.10000,181.00000,,,,
2022-01-09T16:45:42+07:00,611,7.00000,79.00000,27.10000,306.00000,,,,
2022-01-09T16:46:09+07:00,612,7.00000,79.00000,27.10000,210.00000,,,,
2022-01-09T16:46:39+07:00,613,7.00000,79.00000,27.10000,165.00000,,,,
2022-01-09T16:47:10+07:00,614,7.00000,79.00000,27.10000,199.00000,,,,
2022-01-09T16:47:39+07:00,615,7.00000,79.00000,27.10000,157.00000,,,,
2022-01-09T16:48:09+07:00,616,6.00000,79.00000,27.10000,116.00000,,,,
2022-01-09T16:48:39+07:00,617,6.00000,79.00000,27.10000,116.00000,,,,
2022-01-09T16:49:09+07:00,618,6.00000,79.00000,27.10000,210.00000,,,,
2022-01-09T16:49:39+07:00,619,6.00000,79.00000,27.10000,210.00000,,,,
2022-01-09T16:50:09+07:00,620,5.00000,79.00000,27.10000,245.00000,,,,
2022-01-09T16:50:42+07:00,621,5.00000,79.00000,27.10000,173.00000,,,,
2022-01-09T16:51:09+07:00,622,5.00000,79.00000,27.10000,190.00000,,,,
2022-01-09T16:51:39+07:00,623,5.00000,79.00000,27.10000,245.00000,,,,
2022-01-09T16:52:09+07:00,624,5.00000,79.00000,27.10000,289.00000,,,,
2022-01-09T16:52:39+07:00,625,5.00000,79.00000,27.10000,190.00000,,,,
2022-01-09T16:53:09+07:00,626,5.00000,78.00000,27.10000,151.00000,,,,
2022-01-09T16:53:39+07:00,627,5.00000,78.00000,27.10000,151.00000,,,,
2022-01-09T16:54:09+07:00,628,5.00000,79.00000,27.10000,245.00000,,,,
2022-01-09T16:54:39+07:00,629,5.00000,79.00000,27.10000,232.00000,,,,
2022-01-09T16:55:09+07:00,630,5.00000,79.00000,27.10000,157.00000,,,,
2022-01-09T16:55:39+07:00,631,5.00000,78.00000,27.10000,151.00000,,,,
2022-01-09T16:56:09+07:00,632,5.00000,78.00000,27.10000,182.00000,,,,
2022-01-09T16:56:39+07:00,633,5.00000,79.00000,27.10000,210.00000,,,,
2022-01-09T16:57:09+07:00,634,4.00000,78.00000,27.10000,127.00000,,,,
2022-01-09T16:57:39+07:00,635,5.00000,78.00000,27.10000,191.00000,,,,
2022-01-09T16:58:09+07:00,636,4.00000,78.00000,27.10000,166.00000,,,,
2022-01-09T16:58:39+07:00,637,4.00000,78.00000,27.10000,151.00000,,,,
2022-01-09T16:59:09+07:00,638,4.00000,78.00000,27.10000,260.00000,,,,
2022-01-09T16:59:42+07:00,639,4.00000,78.00000,27.10000,182.00000,,,,
2022-01-09T17:00:09+07:00,640,4.00000,79.00000,27.10000,150.00000,,,,
2022-01-09T17:00:42+07:00,641,4.00000,79.00000,27.10000,121.00000,,,,
2022-01-09T17:01:09+07:00,642,4.00000,79.00000,27.10000,126.00000,,,,
2022-01-09T17:01:39+07:00,643,4.00000,79.00000,27.10000,199.00000,,,,
2022-01-09T17:02:10+07:00,644,4.00000,79.00000,27.10000,245.00000,,,,
2022-01-09T17:02:39+07:00,645,4.00000,79.00000,27.10000,210.00000,,,,
2022-01-09T17:03:09+07:00,646,3.00000,79.00000,27.10000,157.00000,,,,
2022-01-09T17:03:39+07:00,647,3.00000,78.00000,27.10000,260.00000,,,,
2022-01-09T17:04:09+07:00,648,3.00000,78.00000,27.10000,182.00000,,,,
2022-01-09T17:04:39+07:00,649,3.00000,78.00000,27.10000,246.00000,,,,
2022-01-09T17:05:09+07:00,650,3.00000,78.00000,27.10000,182.00000,,,,
2022-01-09T17:05:39+07:00,651,3.00000,78.00000,27.10000,133.00000,,,,
2022-01-09T17:06:09+07:00,652,3.00000,78.00000,27.10000,211.00000,,,,
2022-01-09T17:06:39+07:00,653,3.00000,78.00000,27.10000,191.00000,,,,
2022-01-09T17:07:09+07:00,654,3.00000,79.00000,27.10000,210.00000,,,,
2022-01-09T17:07:39+07:00,655,2.00000,79.00000,27.10000,132.00000,,,,
2022-01-09T17:08:09+07:00,656,2.00000,79.00000,27.10000,181.00000,,,,
2022-01-09T17:08:39+07:00,657,2.00000,79.00000,27.10000,173.00000,,,,
2022-01-09T17:09:09+07:00,658,2.00000,78.00000,27.10000,211.00000,,,,
2022-01-09T17:09:39+07:00,659,2.00000,79.00000,27.00000,157.00000,,,,
2022-01-09T17:10:09+07:00,660,2.00000,79.00000,26.89000,210.00000,,,,
2022-01-09T17:10:41+07:00,661,2.00000,79.00000,26.70000,112.00000,,,,
2022-01-09T17:11:09+07:00,662,1.00000,78.00000,26.70000,166.00000,,,,
2022-01-09T17:11:39+07:00,663,1.00000,79.00000,26.79000,173.00000,,,,
2022-01-09T17:12:09+07:00,664,1.00000,78.00000,26.79000,183.00000,,,,
2022-01-09T17:12:39+07:00,665,1.00000,78.00000,26.79000,159.00000,,,,
2022-01-09T17:13:09+07:00,666,1.00000,78.00000,26.79000,223.00000,,,,
2022-01-09T17:13:39+07:00,667,1.00000,78.00000,26.79000,201.00000,,,,
2022-01-09T17:14:09+07:00,668,1.00000,78.00000,26.79000,183.00000,,,,
2022-01-09T17:14:39+07:00,669,1.00000,78.00000,26.79000,159.00000,,,,
2022-01-09T17:15:09+07:00,670,1.00000,78.00000,26.70000,133.00000,,,,
2022-01-09T17:15:39+07:00,671,0.00000,78.00000,26.70000,128.00000,,,,
2022-01-09T17:16:09+07:00,672,0.00000,79.00000,26.70000,132.00000,,,,
2022-01-09T17:16:39+07:00,673,0.00000,78.00000,26.70000,139.00000,,,,
2022-01-09T17:17:09+07:00,674,0.00000,78.00000,26.70000,183.00000,,,,
2022-01-09T17:17:39+07:00,675,0.00000,78.00000,26.70000,159.00000,,,,
2022-01-09T17:18:09+07:00,676,0.00000,78.00000,26.70000,223.00000,,,,
2022-01-09T17:18:39+07:00,677,0.00000,78.00000,26.70000,152.00000,,,,
2022-01-09T17:19:09+07:00,678,0.00000,78.00000,26.70000,133.00000,,,,
2022-01-09T17:19:41+07:00,679,0.00000,78.00000,26.70000,174.00000,,,,
2022-01-09T17:20:09+07:00,680,0.00000,78.00000,26.70000,113.00000,,,,
2022-01-09T17:20:39+07:00,681,0.00000,78.00000,26.70000,152.00000,,,,
2022-01-09T17:21:09+07:00,682,0.00000,78.00000,26.70000,152.00000,,,,
2022-01-09T17:21:39+07:00,683,0.00000,78.00000,26.70000,212.00000,,,,
2022-01-09T17:22:09+07:00,684,0.00000,78.00000,26.70000,276.00000,,,,
2022-01-09T17:22:39+07:00,685,0.00000,78.00000,26.70000,370.00000,,,,
2022-01-09T17:23:09+07:00,686,0.00000,78.00000,26.70000,235.00000,,,,
2022-01-09T17:23:39+07:00,687,0.00000,78.00000,26.70000,152.00000,,,,
2022-01-09T17:24:09+07:00,688,0.00000,78.00000,26.70000,128.00000,,,,
2022-01-09T17:24:39+07:00,689,0.00000,78.00000,26.70000,166.00000,,,,
2022-01-09T17:25:09+07:00,690,0.00000,78.00000,26.70000,128.00000,,,,
2022-01-09T17:25:42+07:00,691,0.00000,78.00000,26.70000,183.00000,,,,
2022-01-09T17:26:09+07:00,692,0.00000,78.00000,26.70000,139.00000,,,,
2022-01-09T17:26:40+07:00,693,0.00000,78.00000,26.70000,113.00000,,,,
2022-01-09T17:27:09+07:00,694,0.00000,78.00000,26.70000,261.00000,,,,
2022-01-09T17:27:39+07:00,695,0.00000,78.00000,26.70000,113.00000,,,,
2022-01-09T17:28:09+07:00,696,0.00000,78.00000,26.70000,117.00000,,,,
2022-01-09T17:28:39+07:00,697,0.00000,78.00000,26.70000,108.00000,,,,
2022-01-09T17:29:09+07:00,698,0.00000,78.00000,26.70000,113.00000,,,,
2022-01-09T17:29:39+07:00,699,0.00000,78.00000,26.70000,152.00000,,,,
2022-01-09T17:30:09+07:00,700,0.00000,78.00000,26.70000,309.00000,,,,
2022-01-09T17:30:39+07:00,701,0.00000,78.00000,26.70000,223.00000,,,,
2022-01-09T17:31:09+07:00,702,0.00000,78.00000,26.70000,174.00000,,,,
2022-01-09T17:31:39+07:00,703,0.00000,78.00000,26.70000,212.00000,,,,
2022-01-09T17:32:09+07:00,704,0.00000,78.00000,26.70000,152.00000,,,,
2022-01-09T17:32:39+07:00,705,0.00000,78.00000,26.70000,152.00000,,,,
2022-01-09T17:33:09+07:00,706,0.00000,78.00000,26.70000,183.00000,,,,
2022-01-09T17:33:39+07:00,707,0.00000,78.00000,26.70000,152.00000,,,,
2022-01-09T17:34:12+07:00,708,0.00000,78.00000,26.70000,212.00000,,,,
2022-01-09T17:34:39+07:00,709,0.00000,78.00000,26.70000,152.00000,,,,
2022-01-09T17:35:09+07:00,710,0.00000,78.00000,26.70000,152.00000,,,,
2022-01-09T17:35:39+07:00,711,0.00000,78.00000,26.70000,166.00000,,,,
2022-01-09T17:36:09+07:00,712,0.00000,78.00000,26.70000,166.00000,,,,
2022-01-09T17:36:42+07:00,713,0.00000,78.00000,26.70000,212.00000,,,,
2022-01-09T17:37:09+07:00,714,0.00000,78.00000,26.70000,247.00000,,,,
2022-01-09T17:37:41+07:00,715,0.00000,78.00000,26.70000,166.00000,,,,
2022-01-09T17:38:09+07:00,716,0.00000,78.00000,26.70000,174.00000,,,,
2022-01-09T17:38:39+07:00,717,0.00000,78.00000,26.70000,201.00000,,,,
2022-01-09T17:39:09+07:00,718,0.00000,78.00000,26.70000,122.00000,,,,
2022-01-09T17:39:39+07:00,719,0.00000,78.00000,26.70000,183.00000,,,,
2022-01-09T17:40:09+07:00,720,0.00000,78.00000,26.70000,93.00000,,,,
2022-01-09T17:40:39+07:00,721,30.00000,78.00000,26.70000,201.00000,,,,
2022-01-09T17:41:12+07:00,722,31.00000,78.00000,26.70000,128.00000,,,,
2022-01-09T17:41:39+07:00,723,37.00000,78.00000,26.70000,183.00000,,,,
2022-01-09T17:42:09+07:00,724,39.00000,78.00000,26.70000,117.00000,,,,
2022-01-09T17:42:39+07:00,725,0.00000,78.00000,26.70000,133.00000,,,,
2022-01-09T17:43:09+07:00,726,0.00000,78.00000,26.70000,133.00000,,,,
2022-01-09T17:43:41+07:00,727,0.00000,78.00000,26.70000,247.00000,,,,
2022-01-09T17:44:09+07:00,728,0.00000,78.00000,26.70000,159.00000,,,,
2022-01-09T17:44:40+07:00,729,0.00000,78.00000,26.70000,183.00000,,,,
2022-01-09T17:45:11+07:00,730,0.00000,78.00000,26.70000,108.00000,,,,
2022-01-09T17:45:39+07:00,731,0.00000,78.00000,26.70000,174.00000,,,,
2022-01-09T17:46:09+07:00,732,0.00000,78.00000,26.70000,133.00000,,,,
2022-01-09T17:46:39+07:00,733,0.00000,78.00000,26.70000,128.00000,,,,
2022-01-09T17:47:09+07:00,734,0.00000,78.00000,26.70000,113.00000,,,,
2022-01-09T17:47:39+07:00,735,0.00000,78.00000,26.70000,192.00000,,,,
2022-01-09T17:48:09+07:00,736,0.00000,78.00000,26.70000,152.00000,,,,
2022-01-09T17:48:39+07:00,737,0.00000,78.00000,26.70000,96.00000,,,,
2022-01-09T17:49:09+07:00,738,0.00000,78.00000,26.70000,159.00000,,,,
2022-01-09T17:49:39+07:00,739,0.00000,78.00000,26.70000,192.00000,,,,
2022-01-09T17:50:09+07:00,740,0.00000,78.00000,26.70000,152.00000,,,,
2022-01-09T17:50:39+07:00,741,0.00000,78.00000,26.70000,100.00000,,,,
2022-01-09T17:51:09+07:00,742,0.00000,78.00000,26.70000,247.00000,,,,
2022-01-09T17:51:39+07:00,743,25.00000,78.00000,26.70000,261.00000,,,,
2022-01-09T17:52:09+07:00,744,0.00000,78.00000,26.70000,174.00000,,,,
2022-01-09T17:52:39+07:00,745,0.00000,78.00000,26.70000,152.00000,,,,
2022-01-09T17:53:12+07:00,746,0.00000,79.00000,26.70000,151.00000,,,,
2022-01-09T17:53:39+07:00,747,0.00000,79.00000,26.70000,165.00000,,,,
2022-01-09T17:54:09+07:00,748,0.00000,79.00000,26.70000,127.00000,,,,
2022-01-09T17:54:39+07:00,749,0.00000,79.00000,26.70000,112.00000,,,,
2022-01-09T17:55:09+07:00,750,0.00000,79.00000,26.70000,127.00000,,,,
2022-01-09T17:55:39+07:00,751,0.00000,79.00000,26.70000,182.00000,,,,
2022-01-09T17:56:09+07:00,752,0.00000,79.00000,26.70000,138.00000,,,,
2022-01-09T17:56:39+07:00,753,0.00000,79.00000,26.70000,200.00000,,,,
2022-01-09T17:57:09+07:00,754,0.00000,78.00000,26.70000,113.00000,,,,
2022-01-09T17:57:39+07:00,755,0.00000,79.00000,26.70000,151.00000,,,,
2022-01-09T17:58:09+07:00,756,0.00000,78.00000,26.70000,133.00000,,,,
2022-01-09T17:58:39+07:00,757,0.00000,78.00000,26.70000,166.00000,,,,
2022-01-09T17:59:09+07:00,758,0.00000,79.00000,26.70000,86.00000,,,,
2022-01-09T17:59:39+07:00,759,0.00000,78.00000,26.70000,100.00000,,,,
2022-01-09T18:00:09+07:00,760,0.00000,78.00000,26.70000,152.00000,,,,
2022-01-09T18:00:39+07:00,761,0.00000,78.00000,26.70000,117.00000,,,,
2022-01-09T18:01:09+07:00,762,0.00000,78.00000,26.70000,117.00000,,,,
2022-01-09T18:01:39+07:00,763,0.00000,78.00000,26.70000,117.00000,,,,
2022-01-09T18:02:09+07:00,764,0.00000,78.00000,26.70000,108.00000,,,,
2022-01-09T18:02:39+07:00,765,0.00000,78.00000,26.70000,174.00000,,,,
2022-01-09T18:03:12+07:00,766,0.00000,78.00000,26.70000,152.00000,,,,
2022-01-09T18:03:39+07:00,767,0.00000,78.00000,26.70000,100.00000,,,,
2022-01-09T18:04:10+07:00,768,0.00000,78.00000,26.70000,122.00000,,,,
2022-01-09T18:04:39+07:00,769,0.00000,78.00000,26.70000,152.00000,,,,
2022-01-09T18:05:09+07:00,770,0.00000,78.00000,26.70000,152.00000,,,,
2022-01-09T18:05:39+07:00,771,0.00000,78.00000,26.70000,128.00000,,,,
2022-01-09T18:06:09+07:00,772,0.00000,78.00000,26.70000,86.00000,,,,
2022-01-09T18:06:39+07:00,773,0.00000,78.00000,26.70000,247.00000,,,,
2022-01-09T18:07:09+07:00,774,0.00000,78.00000,26.70000,139.00000,,,,
2022-01-09T18:07:39+07:00,775,0.00000,78.00000,26.70000,83.00000,,,,
2022-01-09T18:08:09+07:00,776,0.00000,78.00000,26.70000,152.00000,,,,
2022-01-09T18:08:39+07:00,777,0.00000,78.00000,26.70000,152.00000,,,,
2022-01-09T18:09:10+07:00,778,0.00000,78.00000,26.70000,113.00000,,,,
2022-01-09T18:09:39+07:00,779,0.00000,78.00000,26.70000,128.00000,,,,
2022-01-09T18:10:09+07:00,780,0.00000,78.00000,26.70000,113.00000,,,,
2022-01-09T18:10:39+07:00,781,0.00000,78.00000,26.70000,201.00000,,,,
2022-01-09T18:11:09+07:00,782,0.00000,78.00000,26.70000,122.00000,,,,
2022-01-09T18:11:41+07:00,783,0.00000,78.00000,26.70000,159.00000,,,,
2022-01-09T18:12:09+07:00,784,0.00000,78.00000,26.70000,201.00000,,,,
2022-01-09T18:12:39+07:00,785,0.00000,78.00000,26.70000,183.00000,,,,
2022-01-09T18:13:12+07:00,786,0.00000,78.00000,26.70000,122.00000,,,,
2022-01-09T18:13:40+07:00,787,0.00000,78.00000,26.70000,159.00000,,,,
2022-01-09T18:14:10+07:00,788,0.00000,78.00000,26.70000,152.00000,,,,
2022-01-09T18:14:39+07:00,789,0.00000,78.00000,26.70000,139.00000,,,,
2022-01-09T18:15:09+07:00,790,0.00000,78.00000,26.70000,122.00000,,,,
2022-01-09T18:15:43+07:00,791,0.00000,78.00000,26.70000,128.00000,,,,
2022-01-09T18:17:17+07:00,792,0.00000,78.00000,26.70000,133.00000,,,,
2022-01-09T18:20:15+07:00,793,0.00000,78.00000,26.70000,235.00000,,,,
2022-01-09T18:21:05+07:00,794,0.00000,78.00000,26.70000,113.00000,,,,
2022-01-09T18:21:39+07:00,795,0.00000,78.00000,26.70000,113.00000,,,,
2022-01-09T18:22:30+07:00,796,0.00000,78.00000,26.70000,122.00000,,,,
2022-01-09T18:22:53+07:00,797,0.00000,78.00000,26.70000,117.00000,,,,
2022-01-09T18:23:20+07:00,798,0.00000,78.00000,26.70000,93.00000,,,,
2022-01-09T18:23:49+07:00,799,0.00000,78.00000,26.70000,113.00000,,,,
2022-01-09T18:24:22+07:00,800,0.00000,78.00000,26.70000,108.00000,,,,
2022-01-09T18:24:50+07:00,801,0.00000,78.00000,26.70000,133.00000,,,,
2022-01-09T18:25:20+07:00,802,0.00000,78.00000,26.70000,83.00000,,,,
2022-01-09T18:26:03+07:00,803,0.00000,78.00000,26.70000,133.00000,,,,
2022-01-09T18:26:22+07:00,804,0.00000,78.00000,26.70000,108.00000,,,,
2022-01-09T18:26:58+07:00,805,0.00000,78.00000,26.70000,122.00000,,,,
2022-01-09T18:27:21+07:00,806,0.00000,78.00000,26.70000,100.00000,,,,
2022-01-09T18:27:52+07:00,807,0.00000,78.00000,26.70000,212.00000,,,,
2022-01-09T18:28:21+07:00,808,0.00000,78.00000,26.70000,139.00000,,,,
2022-01-09T18:29:00+07:00,809,0.00000,78.00000,26.70000,108.00000,,,,
2022-01-09T18:29:30+07:00,810,0.00000,78.00000,26.70000,139.00000,,,,
2022-01-09T18:29:52+07:00,811,0.00000,78.00000,26.70000,93.00000,,,,
2022-01-09T18:30:21+07:00,812,0.00000,78.00000,26.70000,113.00000,,,,
2022-01-09T18:30:49+07:00,813,0.00000,78.00000,26.70000,159.00000,,,,
2022-01-09T18:31:19+07:00,814,0.00000,78.00000,26.70000,128.00000,,,,
2022-01-09T18:31:49+07:00,815,0.00000,78.00000,26.70000,133.00000,,,,
2022-01-09T18:32:19+07:00,816,0.00000,78.00000,26.70000,93.00000,,,,
2022-01-09T18:32:49+07:00,817,0.00000,78.00000,26.70000,128.00000,,,,
2022-01-09T18:33:22+07:00,818,0.00000,78.00000,26.70000,152.00000,,,,
2022-01-09T18:33:53+07:00,819,0.00000,78.00000,26.70000,83.00000,,,,
2022-01-09T18:34:27+07:00,820,0.00000,78.00000,26.70000,152.00000,,,,
2022-01-09T18:34:50+07:00,821,0.00000,78.00000,26.70000,128.00000,,,,
2022-01-09T18:35:23+07:00,822,0.00000,78.00000,26.70000,117.00000,,,,
2022-01-09T18:35:57+07:00,823,0.00000,78.00000,26.70000,128.00000,,,,
2022-01-09T18:36:21+07:00,824,0.00000,78.00000,26.70000,159.00000,,,,
2022-01-09T18:36:51+07:00,825,0.00000,78.00000,26.70000,108.00000,,,,
2022-01-09T18:37:22+07:00,826,0.00000,78.00000,26.70000,117.00000,,,,
2022-01-09T18:37:49+07:00,827,0.00000,78.00000,26.70000,192.00000,,,,
2022-01-09T18:38:21+07:00,828,0.00000,78.00000,26.70000,100.00000,,,,
2022-01-09T18:38:51+07:00,829,0.00000,78.00000,26.70000,100.00000,,,,
2022-01-09T18:39:22+07:00,830,0.00000,78.00000,26.70000,113.00000,,,,
2022-01-09T18:39:53+07:00,831,0.00000,78.00000,26.70000,117.00000,,,,
2022-01-09T18:40:23+07:00,832,0.00000,78.00000,26.70000,83.00000,,,,
2022-01-09T18:40:51+07:00,833,0.00000,78.00000,26.70000,159.00000,,,,
2022-01-09T18:41:22+07:00,834,0.00000,78.00000,26.70000,276.00000,,,,
2022-01-09T18:42:16+07:00,835,0.00000,78.00000,26.70000,152.00000,,,,
2022-01-09T18:42:45+07:00,836,0.00000,78.00000,26.70000,100.00000,,,,
2022-01-09T18:43:13+07:00,837,0.00000,78.00000,26.70000,93.00000,,,,
2022-01-09T18:43:45+07:00,838,0.00000,78.00000,26.70000,117.00000,,,,
2022-01-09T18:44:12+07:00,839,0.00000,78.00000,26.70000,133.00000,,,,
2022-01-09T18:44:44+07:00,840,0.00000,78.00000,26.70000,100.00000,,,,
2022-01-09T18:45:13+07:00,841,0.00000,78.00000,26.70000,128.00000,,,,
2022-01-09T18:45:42+07:00,842,0.00000,78.00000,26.70000,83.00000,,,,
2022-01-09T18:46:15+07:00,843,0.00000,78.00000,26.70000,108.00000,,,,
2022-01-09T18:46:42+07:00,844,0.00000,78.00000,26.70000,223.00000,,,,
2022-01-09T18:47:12+07:00,845,0.00000,78.00000,26.70000,128.00000,,,,
2022-01-09T18:47:43+07:00,846,0.00000,78.00000,26.70000,128.00000,,,,
2022-01-09T18:48:13+07:00,847,0.00000,78.00000,26.70000,139.00000,,,,
2022-01-09T18:48:42+07:00,848,0.00000,78.00000,26.70000,133.00000,,,,
2022-01-09T18:49:12+07:00,849,0.00000,78.00000,26.70000,212.00000,,,,
2022-01-09T18:49:45+07:00,850,0.00000,78.00000,26.70000,152.00000,,,,
2022-01-09T18:50:12+07:00,851,0.00000,78.00000,26.70000,159.00000,,,,
2022-01-09T18:50:42+07:00,852,0.00000,78.00000,26.70000,122.00000,,,,
2022-01-09T18:51:12+07:00,853,0.00000,78.00000,26.70000,183.00000,,,,
2022-01-09T18:51:42+07:00,854,0.00000,78.00000,26.70000,139.00000,,,,
2022-01-09T18:52:12+07:00,855,0.00000,78.00000,26.70000,133.00000,,,,
2022-01-09T18:52:42+07:00,856,0.00000,78.00000,26.70000,166.00000,,,,
2022-01-09T18:53:15+07:00,857,0.00000,78.00000,26.70000,174.00000,,,,
2022-01-09T18:53:42+07:00,858,0.00000,78.00000,26.70000,223.00000,,,,
2022-01-09T18:54:12+07:00,859,0.00000,78.00000,26.70000,152.00000,,,,
2022-01-09T18:54:42+07:00,860,0.00000,78.00000,26.70000,108.00000,,,,
2022-01-09T18:55:12+07:00,861,0.00000,78.00000,26.70000,113.00000,,,,
2022-01-09T18:55:42+07:00,862,0.00000,78.00000,26.70000,152.00000,,,,
2022-01-09T18:56:12+07:00,863,0.00000,78.00000,26.70000,128.00000,,,,
2022-01-09T18:56:42+07:00,864,0.00000,78.00000,26.70000,152.00000,,,,
2022-01-09T18:57:15+07:00,865,0.00000,78.00000,26.70000,128.00000,,,,
2022-01-09T18:57:44+07:00,866,0.00000,78.00000,26.70000,122.00000,,,,
2022-01-09T18:58:12+07:00,867,0.00000,78.00000,26.70000,117.00000,,,,
2022-01-09T18:58:42+07:00,868,0.00000,78.00000,26.70000,166.00000,,,,
2022-01-09T18:59:14+07:00,869,0.00000,79.00000,26.70000,151.00000,,,,
2022-01-09T18:59:42+07:00,870,0.00000,79.00000,26.70000,122.00000,,,,
2022-01-09T19:00:15+07:00,871,0.00000,79.00000,26.70000,127.00000,,,,
2022-01-09T19:00:42+07:00,872,0.00000,79.00000,26.70000,445.00000,,,,
2022-01-09T19:01:12+07:00,873,0.00000,79.00000,26.70000,92.00000,,,,
2022-01-09T19:01:42+07:00,874,0.00000,79.00000,26.70000,211.00000,,,,
2022-01-09T19:02:12+07:00,875,0.00000,79.00000,26.70000,151.00000,,,,
2022-01-09T19:02:44+07:00,876,0.00000,79.00000,26.70000,92.00000,,,,
2022-01-09T19:03:12+07:00,877,0.00000,79.00000,26.70000,112.00000,,,,
2022-01-09T19:03:42+07:00,878,0.00000,78.00000,26.70000,183.00000,,,,
2022-01-09T19:04:12+07:00,879,0.00000,79.00000,26.70000,165.00000,,,,
2022-01-09T19:04:42+07:00,880,0.00000,78.00000,26.70000,122.00000,,,,
2022-01-09T19:05:12+07:00,881,0.00000,78.00000,26.70000,117.00000,,,,
2022-01-09T19:05:42+07:00,882,0.00000,78.00000,26.70000,100.00000,,,,
2022-01-09T19:06:12+07:00,883,0.00000,78.00000,26.70000,159.00000,,,,
2022-01-09T19:06:42+07:00,884,0.00000,79.00000,26.70000,108.00000,,,,
2022-01-09T19:07:12+07:00,885,0.00000,79.00000,26.70000,246.00000,,,,
2022-01-09T19:07:49+07:00,886,0.00000,79.00000,26.70000,127.00000,,,,
2022-01-09T19:08:12+07:00,887,0.00000,79.00000,26.70000,151.00000,,,,
2022-01-09T19:08:45+07:00,888,0.00000,79.00000,26.70000,151.00000,,,,
2022-01-09T19:09:12+07:00,889,0.00000,79.00000,26.70000,83.00000,,,,
2022-01-09T19:09:44+07:00,890,0.00000,79.00000,26.70000,132.00000,,,,
2022-01-09T19:10:12+07:00,891,0.00000,79.00000,26.70000,83.00000,,,,
2022-01-09T19:10:42+07:00,892,0.00000,79.00000,26.70000,127.00000,,,,
2022-01-09T19:11:12+07:00,893,0.00000,79.00000,26.70000,86.00000,,,,
2022-01-09T19:11:42+07:00,894,0.00000,79.00000,26.70000,138.00000,,,,
2022-01-09T19:12:12+07:00,895,0.00000,79.00000,26.70000,191.00000,,,,
2022-01-09T19:12:42+07:00,896,0.00000,79.00000,26.70000,96.00000,,,,
2022-01-09T19:13:12+07:00,897,0.00000,79.00000,26.70000,117.00000,,,,
2022-01-09T19:13:42+07:00,898,0.00000,79.00000,26.70000,86.00000,,,,
2022-01-09T19:14:12+07:00,899,0.00000,79.00000,26.70000,151.00000,,,,
2022-01-09T19:14:45+07:00,900,0.00000,79.00000,26.70000,138.00000,,,,
2022-01-09T19:15:15+07:00,901,0.00000,79.00000,26.70000,77.00000,,,,
2022-01-09T19:15:44+07:00,902,0.00000,79.00000,26.70000,138.00000,,,,
2022-01-09T19:16:12+07:00,903,0.00000,79.00000,26.70000,138.00000,,,,
2022-01-09T19:16:42+07:00,904,0.00000,79.00000,26.70000,211.00000,,,,
2022-01-09T19:17:12+07:00,905,0.00000,79.00000,26.70000,151.00000,,,,
2022-01-09T19:17:42+07:00,906,0.00000,79.00000,26.70000,127.00000,,,,
2022-01-09T19:18:12+07:00,907,0.00000,79.00000,26.70000,151.00000,,,,
2022-01-09T19:18:43+07:00,908,0.00000,79.00000,26.70000,151.00000,,,,
2022-01-09T19:19:12+07:00,909,0.00000,79.00000,26.70000,117.00000,,,,
2022-01-09T19:19:50+07:00,910,0.00000,79.00000,26.70000,74.00000,,,,
2022-01-09T19:20:13+07:00,911,0.00000,79.00000,26.70000,112.00000,,,,
2022-01-09T19:20:42+07:00,912,0.00000,79.00000,26.70000,165.00000,,,,
2022-01-09T19:21:12+07:00,913,0.00000,79.00000,26.70000,112.00000,,,,
2022-01-09T19:21:47+07:00,914,0.00000,79.00000,26.70000,122.00000,,,,
2022-01-09T19:22:12+07:00,915,0.00000,79.00000,26.70000,122.00000,,,,
2022-01-09T19:22:44+07:00,916,0.00000,79.00000,26.70000,191.00000,,,,
2022-01-09T19:23:12+07:00,917,0.00000,79.00000,26.70000,132.00000,,,,
2022-01-09T19:23:42+07:00,918,0.00000,79.00000,26.70000,108.00000,,,,
2022-01-09T19:24:12+07:00,919,0.00000,79.00000,26.70000,100.00000,,,,
2022-01-09T19:24:42+07:00,920,0.00000,79.00000,26.70000,127.00000,,,,
2022-01-09T19:25:13+07:00,921,0.00000,79.00000,26.70000,122.00000,,,,
2022-01-09T19:25:42+07:00,922,0.00000,79.00000,26.70000,69.00000,,,,
2022-01-09T19:26:12+07:00,923,0.00000,79.00000,26.70000,127.00000,,,,
2022-01-09T19:26:44+07:00,924,0.00000,79.00000,26.70000,211.00000,,,,
2022-01-09T19:27:13+07:00,925,0.00000,79.00000,26.70000,151.00000,,,,
2022-01-09T19:27:42+07:00,926,0.00000,79.00000,26.70000,77.00000,,,,
2022-01-09T19:28:14+07:00,927,0.00000,79.00000,26.70000,100.00000,,,,
2022-01-09T19:28:44+07:00,928,0.00000,79.00000,26.70000,191.00000,,,,
2022-01-09T19:29:13+07:00,929,0.00000,79.00000,26.70000,86.00000,,,,
2022-01-09T19:29:42+07:00,930,0.00000,78.00000,26.70000,212.00000,,,,
2022-01-09T19:30:12+07:00,931,0.00000,78.00000,26.70000,152.00000,,,,
2022-01-09T19:30:53+07:00,932,0.00000,79.00000,26.70000,132.00000,,,,
2022-01-09T19:31:30+07:00,933,0.00000,79.00000,26.70000,127.00000,,,,
2022-01-09T19:31:52+07:00,934,0.00000,79.00000,26.70000,182.00000,,,,
2022-01-09T19:32:22+07:00,935,0.00000,79.00000,26.70000,173.00000,,,,
2022-01-09T19:32:53+07:00,936,0.00000,79.00000,26.70000,274.00000,,,,
2022-01-09T19:33:21+07:00,937,0.00000,79.00000,26.70000,132.00000,,,,
2022-01-09T19:33:51+07:00,938,0.00000,79.00000,26.70000,737.00000,,,,
2022-01-09T19:34:24+07:00,939,0.00000,79.00000,26.70000,151.00000,,,,
2022-01-09T19:34:55+07:00,940,0.00000,79.00000,26.70000,83.00000,,,,
2022-01-09T19:35:21+07:00,941,0.00000,79.00000,26.70000,182.00000,,,,
2022-01-09T19:35:57+07:00,942,0.00000,78.00000,26.70000,128.00000,,,,
2022-01-09T19:36:22+07:00,943,0.00000,78.00000,26.70000,212.00000,,,,
2022-01-09T19:36:54+07:00,944,0.00000,78.00000,26.70000,128.00000,,,,
2022-01-09T19:37:24+07:00,945,0.00000,78.00000,26.70000,159.00000,,,,
2022-01-09T19:37:52+07:00,946,0.00000,78.00000,26.70000,174.00000,,,,
2022-01-09T19:38:24+07:00,947,0.00000,79.00000,26.70000,191.00000,,,,
2022-01-09T19:38:54+07:00,948,0.00000,79.00000,26.70000,211.00000,,,,
2022-01-09T19:39:25+07:00,949,0.00000,79.00000,26.70000,112.00000,,,,
2022-01-09T19:39:51+07:00,950,0.00000,79.00000,26.70000,108.00000,,,,
2022-01-09T19:40:22+07:00,951,0.00000,78.00000,26.70000,166.00000,,,,
2022-01-09T19:40:52+07:00,952,0.00000,79.00000,26.70000,100.00000,,,,
2022-01-09T19:41:22+07:00,953,0.00000,79.00000,26.70000,246.00000,,,,
2022-01-09T19:41:52+07:00,954,0.00000,79.00000,26.70000,165.00000,,,,
2022-01-09T19:42:22+07:00,955,0.00000,79.00000,26.70000,151.00000,,,,
2022-01-09T19:42:51+07:00,956,0.00000,79.00000,26.70000,151.00000,,,,
2022-01-09T19:43:21+07:00,957,0.00000,79.00000,26.70000,233.00000,,,,
2022-01-09T19:43:51+07:00,958,0.00000,79.00000,26.70000,151.00000,,,,
2022-01-09T19:44:22+07:00,959,0.00000,79.00000,26.70000,127.00000,,,,
2022-01-09T19:44:51+07:00,960,0.00000,79.00000,26.70000,151.00000,,,,
2022-01-09T19:45:21+07:00,961,0.00000,79.00000,26.70000,122.00000,,,,
2022-01-09T19:45:54+07:00,962,0.00000,79.00000,26.70000,151.00000,,,,
2022-01-09T19:46:21+07:00,963,0.00000,79.00000,26.70000,127.00000,,,,
2022-01-09T19:46:55+07:00,964,0.00000,79.00000,26.70000,132.00000,,,,
2022-01-09T19:47:24+07:00,965,0.00000,79.00000,26.70000,1.00000,,,,
2022-01-09T19:47:51+07:00,966,0.00000,79.00000,26.70000,307.00000,,,,
2022-01-09T19:48:21+07:00,967,0.00000,79.00000,26.70000,200.00000,,,,
2022-01-09T19:48:52+07:00,968,0.00000,79.00000,26.70000,151.00000,,,,
2022-01-09T19:49:21+07:00,969,0.00000,79.00000,26.70000,158.00000,,,,
2022-01-09T19:49:51+07:00,970,0.00000,79.00000,26.70000,138.00000,,,,
2022-01-09T19:50:24+07:00,971,0.00000,79.00000,26.70000,200.00000,,,,
2022-01-09T19:50:51+07:00,972,0.00000,79.00000,26.70000,173.00000,,,,
2022-01-09T19:51:21+07:00,973,0.00000,79.00000,26.70000,173.00000,,,,
2022-01-09T19:51:51+07:00,974,0.00000,79.00000,26.70000,182.00000,,,,
2022-01-09T19:52:22+07:00,975,0.00000,79.00000,26.70000,151.00000,,,,
2022-01-09T19:52:51+07:00,976,0.00000,79.00000,26.70000,117.00000,,,,
2022-01-09T19:53:21+07:00,977,0.00000,79.00000,26.70000,151.00000,,,,
2022-01-09T19:53:52+07:00,978,0.00000,79.00000,26.70000,173.00000,,,,
2022-01-09T19:54:21+07:00,979,0.00000,79.00000,26.70000,151.00000,,,,
2022-01-09T19:54:51+07:00,980,0.00000,79.00000,26.70000,151.00000,,,,
2022-01-09T19:55:22+07:00,981,0.00000,79.00000,26.70000,151.00000,,,,
2022-01-09T19:55:54+07:00,982,0.00000,79.00000,26.70000,158.00000,,,,
2022-01-09T19:56:24+07:00,983,0.00000,79.00000,26.70000,151.00000,,,,
2022-01-09T19:56:52+07:00,984,0.00000,79.00000,26.70000,158.00000,,,,
2022-01-09T19:57:22+07:00,985,0.00000,79.00000,26.70000,211.00000,,,,
2022-01-09T19:57:51+07:00,986,0.00000,79.00000,26.70000,132.00000,,,,
2022-01-09T19:58:22+07:00,987,0.00000,79.00000,26.70000,151.00000,,,,
2022-01-09T19:58:52+07:00,988,0.00000,79.00000,26.70000,233.00000,,,,
2022-01-09T19:59:23+07:00,989,0.00000,79.00000,26.70000,96.00000,,,,
2022-01-09T19:59:54+07:00,990,0.00000,79.00000,26.70000,138.00000,,,,
2022-01-09T20:00:21+07:00,991,0.00000,79.00000,26.70000,151.00000,,,,
2022-01-09T20:00:52+07:00,992,0.00000,79.00000,26.70000,112.00000,,,,
2022-01-09T20:01:21+07:00,993,0.00000,79.00000,26.70000,151.00000,,,,
2022-01-09T20:01:55+07:00,994,0.00000,79.00000,26.70000,158.00000,,,,
2022-01-09T20:02:24+07:00,995,0.00000,79.00000,26.70000,182.00000,,,,
2022-01-09T20:02:52+07:00,996,0.00000,79.00000,26.70000,138.00000,,,,
2022-01-09T20:03:21+07:00,997,0.00000,79.00000,26.70000,246.00000,,,,
2022-01-09T20:03:51+07:00,998,0.00000,79.00000,26.70000,246.00000,,,,
2022-01-09T20:04:28+07:00,999,0.00000,79.00000,26.70000,151.00000,,,,
2022-01-09T20:04:51+07:00,1000,0.00000,79.00000,26.70000,151.00000,,,,
2022-01-09T20:05:22+07:00,1001,0.00000,79.00000,26.70000,127.00000,,,,
2022-01-09T20:05:51+07:00,1002,0.00000,79.00000,26.70000,132.00000,,,,
2022-01-09T20:06:22+07:00,1003,0.00000,79.00000,26.70000,246.00000,,,,
2022-01-09T20:06:52+07:00,1004,0.00000,79.00000,26.70000,151.00000,,,,
2022-01-09T20:07:21+07:00,1005,0.00000,79.00000,26.70000,127.00000,,,,
2022-01-09T20:07:51+07:00,1006,0.00000,79.00000,26.70000,132.00000,,,,
2022-01-09T20:08:21+07:00,1007,0.00000,79.00000,26.70000,138.00000,,,,
2022-01-09T20:08:56+07:00,1008,0.00000,79.00000,26.70000,127.00000,,,,
2022-01-09T20:09:22+07:00,1009,0.00000,79.00000,26.70000,151.00000,,,,
2022-01-09T20:09:52+07:00,1010,0.00000,79.00000,26.70000,112.00000,,,,
2022-01-09T20:10:21+07:00,1011,0.00000,79.00000,26.70000,122.00000,,,,
2022-01-09T20:10:51+07:00,1012,0.00000,79.00000,26.70000,211.00000,,,,
2022-01-09T20:11:23+07:00,1013,0.00000,79.00000,26.70000,127.00000,,,,
2022-01-09T20:11:51+07:00,1014,0.00000,79.00000,26.70000,138.00000,,,,
2022-01-09T20:12:21+07:00,1015,0.00000,79.00000,26.70000,117.00000,,,,
2022-01-09T20:12:52+07:00,1016,0.00000,79.00000,26.70000,151.00000,,,,
2022-01-09T20:13:21+07:00,1017,0.00000,79.00000,26.70000,117.00000,,,,
2022-01-09T20:13:55+07:00,1018,0.00000,79.00000,26.70000,274.00000,,,,
2022-01-09T20:14:21+07:00,1019,0.00000,79.00000,26.70000,127.00000,,,,
2022-01-09T20:14:51+07:00,1020,0.00000,79.00000,26.70000,151.00000,,,,
2022-01-09T20:15:22+07:00,1021,0.00000,79.00000,26.70000,158.00000,,,,
2022-01-09T20:15:52+07:00,1022,0.00000,79.00000,26.70000,191.00000,,,,
2022-01-09T20:16:21+07:00,1023,0.00000,79.00000,26.70000,211.00000,,,,
2022-01-09T20:16:51+07:00,1024,0.00000,79.00000,26.70000,211.00000,,,,
2022-01-09T20:17:21+07:00,1025,0.00000,79.00000,26.70000,233.00000,,,,
2022-01-09T20:17:52+07:00,1026,0.00000,79.00000,26.70000,151.00000,,,,
2022-01-09T20:18:29+07:00,1027,0.00000,79.00000,26.70000,158.00000,,,,
2022-01-09T20:19:35+07:00,1028,0.00000,79.00000,26.70000,112.00000,,,,
2022-01-09T20:19:58+07:00,1029,0.00000,79.00000,26.70000,182.00000,,,,
2022-01-09T20:20:34+07:00,1030,0.00000,79.00000,26.70000,233.00000,,,,
2022-01-09T20:21:27+07:00,1031,0.00000,79.00000,26.70000,182.00000,,,,
2022-01-09T20:22:01+07:00,1032,0.00000,79.00000,26.70000,182.00000,,,,
2022-01-09T20:22:27+07:00,1033,0.00000,79.00000,26.70000,117.00000,,,,
2022-01-09T20:22:57+07:00,1034,0.00000,79.00000,26.70000,246.00000,,,,
2022-01-09T20:23:28+07:00,1035,0.00000,79.00000,26.70000,158.00000,,,,
2022-01-09T20:24:02+07:00,1036,0.00000,79.00000,26.70000,151.00000,,,,
2022-01-09T20:24:28+07:00,1037,0.00000,79.00000,26.70000,151.00000,,,,
2022-01-09T20:24:57+07:00,1038,0.00000,79.00000,26.70000,132.00000,,,,
2022-01-09T20:25:27+07:00,1039,0.00000,79.00000,26.70000,132.00000,,,,
2022-01-09T20:26:01+07:00,1040,0.00000,79.00000,26.70000,173.00000,,,,
2022-01-09T20:26:27+07:00,1041,0.00000,79.00000,26.70000,151.00000,,,,
2022-01-09T20:27:06+07:00,1042,0.00000,79.00000,26.70000,86.00000,,,,
2022-01-09T20:27:28+07:00,1043,0.00000,79.00000,26.70000,211.00000,,,,
2022-01-09T20:28:01+07:00,1044,0.00000,79.00000,26.70000,112.00000,,,,
2022-01-09T20:28:28+07:00,1045,0.00000,79.00000,26.70000,138.00000,,,,
2022-01-09T20:28:59+07:00,1046,0.00000,79.00000,26.70000,83.00000,,,,
2022-01-09T20:29:27+07:00,1047,0.00000,79.00000,26.70000,127.00000,,,,
2022-01-09T20:29:57+07:00,1048,0.00000,79.00000,26.70000,57.00000,,,,
2022-01-09T20:30:27+07:00,1049,0.00000,79.00000,26.70000,246.00000,,,,
2022-01-09T20:30:57+07:00,1050,0.00000,79.00000,26.70000,191.00000,,,,
2022-01-09T20:31:27+07:00,1051,0.00000,79.00000,26.70000,173.00000,,,,
2022-01-09T20:31:57+07:00,1052,0.00000,79.00000,26.70000,108.00000,,,,
2022-01-09T20:32:27+07:00,1053,0.00000,79.00000,26.70000,117.00000,,,,
2022-01-09T20:32:57+07:00,1054,0.00000,79.00000,26.70000,158.00000,,,,
2022-01-09T20:33:27+07:00,1055,0.00000,79.00000,26.70000,182.00000,,,,
2022-01-09T20:34:00+07:00,1056,0.00000,79.00000,26.70000,165.00000,,,,
2022-01-09T20:34:27+07:00,1057,0.00000,79.00000,26.70000,108.00000,,,,
2022-01-09T20:34:58+07:00,1058,0.00000,79.00000,26.70000,108.00000,,,,
2022-01-09T20:35:29+07:00,1059,0.00000,79.00000,26.70000,127.00000,,,,
2022-01-09T20:35:57+07:00,1060,0.00000,79.00000,26.70000,151.00000,,,,
2022-01-09T20:36:27+07:00,1061,0.00000,79.00000,26.70000,138.00000,,,,
2022-01-09T20:36:58+07:00,1062,0.00000,79.00000,26.70000,165.00000,,,,
2022-01-09T20:37:27+07:00,1063,0.00000,79.00000,26.70000,222.00000,,,,
2022-01-09T20:37:57+07:00,1064,0.00000,79.00000,26.70000,274.00000,,,,
2022-01-09T20:38:30+07:00,1065,0.00000,79.00000,26.70000,151.00000,,,,
2022-01-09T20:38:58+07:00,1066,0.00000,79.00000,26.70000,182.00000,,,,
2022-01-09T20:39:29+07:00,1067,0.00000,79.00000,26.70000,173.00000,,,,
2022-01-09T20:39:57+07:00,1068,0.00000,79.00000,26.70000,132.00000,,,,
2022-01-09T20:40:27+07:00,1069,0.00000,79.00000,26.70000,211.00000,,,,
2022-01-09T20:40:59+07:00,1070,0.00000,79.00000,26.70000,211.00000,,,,
2022-01-09T20:41:29+07:00,1071,0.00000,79.00000,26.70000,191.00000,,,,
2022-01-09T20:42:01+07:00,1072,0.00000,79.00000,26.70000,151.00000,,,,
2022-01-09T20:42:30+07:00,1073,0.00000,79.00000,26.70000,127.00000,,,,
2022-01-09T20:42:57+07:00,1074,0.00000,79.00000,26.70000,138.00000,,,,
2022-01-09T20:43:27+07:00,1075,0.00000,79.00000,26.70000,211.00000,,,,
2022-01-09T20:43:57+07:00,1076,0.00000,79.00000,26.70000,191.00000,,,,
2022-01-09T20:44:29+07:00,1077,0.00000,79.00000,26.70000,182.00000,,,,
2022-01-09T20:44:57+07:00,1078,0.00000,79.00000,26.70000,127.00000,,,,
2022-01-09T20:45:27+07:00,1079,0.00000,79.00000,26.70000,138.00000,,,,
2022-01-09T20:45:58+07:00,1080,0.00000,79.00000,26.70000,151.00000,,,,
2022-01-09T20:46:27+07:00,1081,0.00000,79.00000,26.70000,132.00000,,,,
2022-01-09T20:46:57+07:00,1082,0.00000,79.00000,26.70000,61.00000,,,,
2022-01-09T20:47:27+07:00,1083,0.00000,79.00000,26.70000,158.00000,,,,
2022-01-09T20:47:57+07:00,1084,0.00000,79.00000,26.70000,165.00000,,,,
2022-01-09T20:48:29+07:00,1085,0.00000,79.00000,26.70000,182.00000,,,,
2022-01-09T20:48:58+07:00,1086,0.00000,79.00000,26.70000,158.00000,,,,
2022-01-09T20:49:27+07:00,1087,0.00000,79.00000,26.70000,191.00000,,,,
2022-01-09T20:49:57+07:00,1088,0.00000,79.00000,26.70000,138.00000,,,,
2022-01-09T20:50:27+07:00,1089,0.00000,79.00000,26.70000,117.00000,,,,
2022-01-09T20:50:59+07:00,1090,0.00000,79.00000,26.70000,173.00000,,,,
2022-01-09T20:51:27+07:00,1091,0.00000,79.00000,26.70000,92.00000,,,,
2022-01-09T20:51:57+07:00,1092,0.00000,79.00000,26.70000,307.00000,,,,
2022-01-09T20:52:57+07:00,1093,0.00000,79.00000,26.70000,165.00000,,,,
2022-01-09T20:54:15+07:00,1094,0.00000,79.00000,26.70000,200.00000,,,,
2022-01-09T20:55:06+07:00,1095,0.00000,79.00000,26.70000,200.00000,,,,
2022-01-09T20:55:25+07:00,1096,0.00000,79.00000,26.70000,173.00000,,,,
2022-01-09T20:55:52+07:00,1097,0.00000,79.00000,26.70000,151.00000,,,,
2022-01-09T20:56:23+07:00,1098,0.00000,79.00000,26.70000,151.00000,,,,
2022-01-09T20:56:52+07:00,1099,0.00000,79.00000,26.70000,127.00000,,,,
2022-01-09T20:57:22+07:00,1100,0.00000,79.00000,26.70000,211.00000,,,,
2022-01-09T20:57:52+07:00,1101,0.00000,79.00000,26.70000,117.00000,,,,
2022-01-09T20:58:23+07:00,1102,0.00000,79.00000,26.70000,165.00000,,,,
2022-01-09T20:58:52+07:00,1103,0.00000,79.00000,26.70000,100.00000,,,,
2022-01-09T20:59:26+07:00,1104,0.00000,79.00000,26.70000,546.00000,,,,
2022-01-09T20:59:52+07:00,1105,0.00000,79.00000,26.70000,165.00000,,,,
2022-01-09T21:00:22+07:00,1106,0.00000,79.00000,26.70000,158.00000,,,,
2022-01-09T21:00:52+07:00,1107,0.00000,79.00000,26.70000,86.00000,,,,
2022-01-09T21:01:22+07:00,1108,0.00000,79.00000,26.70000,158.00000,,,,
2022-01-09T21:01:56+07:00,1109,0.00000,79.00000,26.70000,127.00000,,,,
2022-01-09T21:03:22+07:00,1110,0.00000,79.00000,26.70000,173.00000,,,,
2022-01-09T21:03:52+07:00,1111,0.00000,79.00000,26.70000,173.00000,,,,
2022-01-09T21:04:22+07:00,1112,0.00000,79.00000,26.70000,151.00000,,,,
2022-01-09T21:04:53+07:00,1113,0.00000,79.00000,26.70000,132.00000,,,,
2022-01-09T21:05:22+07:00,1114,0.00000,79.00000,26.70000,182.00000,,,,
2022-01-09T21:05:55+07:00,1115,0.00000,79.00000,26.70000,274.00000,,,,
2022-01-09T21:06:25+07:00,1116,0.00000,79.00000,26.70000,211.00000,,,,
2022-01-09T21:06:52+07:00,1117,0.00000,79.00000,26.70000,151.00000,,,,
2022-01-09T21:07:22+07:00,1118,0.00000,79.00000,26.70000,132.00000,,,,
2022-01-09T21:07:52+07:00,1119,0.00000,79.00000,26.70000,83.00000,,,,
2022-01-09T21:08:22+07:00,1120,0.00000,79.00000,26.70000,117.00000,,,,
2022-01-09T21:08:52+07:00,1121,0.00000,79.00000,26.70000,100.00000,,,,
2022-01-09T21:09:22+07:00,1122,0.00000,79.00000,26.70000,117.00000,,,,
2022-01-09T21:09:55+07:00,1123,0.00000,79.00000,26.70000,108.00000,,,,
2022-01-09T21:10:22+07:00,1124,0.00000,79.00000,26.70000,151.00000,,,,
2022-01-09T21:10:52+07:00,1125,0.00000,79.00000,26.70000,151.00000,,,,
2022-01-09T21:11:22+07:00,1126,0.00000,79.00000,26.70000,96.00000,,,,
2022-01-09T21:11:52+07:00,1127,0.00000,79.00000,26.70000,132.00000,,,,
2022-01-09T21:12:22+07:00,1128,0.00000,79.00000,26.70000,165.00000,,,,
2022-01-09T21:12:52+07:00,1129,0.00000,79.00000,26.70000,307.00000,,,,
2022-01-09T21:13:22+07:00,1130,0.00000,79.00000,26.70000,165.00000,,,,
2022-01-09T21:13:55+07:00,1131,0.00000,79.00000,26.70000,127.00000,,,,
2022-01-09T21:14:22+07:00,1132,0.00000,79.00000,26.70000,274.00000,,,,
2022-01-09T21:14:55+07:00,1133,0.00000,79.00000,26.70000,211.00000,,,,
2022-01-09T21:15:52+07:00,1134,0.00000,79.00000,26.70000,117.00000,,,,
2022-01-09T21:16:22+07:00,1135,0.00000,79.00000,26.70000,117.00000,,,,
2022-01-09T21:16:52+07:00,1136,0.00000,79.00000,26.70000,132.00000,,,,
2022-01-09T21:17:22+07:00,1137,0.00000,79.00000,26.70000,138.00000,,,,
2022-01-09T21:17:52+07:00,1138,0.00000,79.00000,26.70000,100.00000,,,,
2022-01-09T21:18:25+07:00,1139,0.00000,79.00000,26.70000,151.00000,,,,
2022-01-09T21:18:52+07:00,1140,0.00000,79.00000,26.70000,158.00000,,,,
2022-01-09T21:19:22+07:00,1141,0.00000,79.00000,26.70000,122.00000,,,,
2022-01-09T21:19:52+07:00,1142,0.00000,79.00000,26.70000,222.00000,,,,
2022-01-09T21:20:22+07:00,1143,0.00000,79.00000,26.70000,211.00000,,,,
2022-01-09T21:20:53+07:00,1144,0.00000,79.00000,26.70000,260.00000,,,,
2022-01-09T21:21:23+07:00,1145,0.00000,79.00000,26.70000,122.00000,,,,
2022-01-09T21:21:58+07:00,1146,0.00000,79.00000,26.70000,151.00000,,,,
2022-01-09T21:22:22+07:00,1147,0.00000,79.00000,26.70000,127.00000,,,,
2022-01-09T21:22:56+07:00,1148,0.00000,79.00000,26.70000,151.00000,,,,
2022-01-09T21:23:27+07:00,1149,0.00000,79.00000,26.70000,138.00000,,,,
2022-01-09T21:23:52+07:00,1150,0.00000,79.00000,26.70000,151.00000,,,,
2022-01-09T21:24:22+07:00,1151,0.00000,79.00000,26.70000,151.00000,,,,
2022-01-09T21:24:53+07:00,1152,0.00000,79.00000,26.70000,122.00000,,,,
2022-01-09T21:25:23+07:00,1153,0.00000,79.00000,26.70000,191.00000,,,,
2022-01-09T21:25:55+07:00,1154,0.00000,79.00000,26.70000,112.00000,,,,
2022-01-09T21:26:27+07:00,1155,0.00000,79.00000,26.70000,127.00000,,,,
2022-01-09T21:26:56+07:00,1156,0.00000,79.00000,26.70000,211.00000,,,,
2022-01-09T21:27:26+07:00,1157,0.00000,79.00000,26.70000,274.00000,,,,
2022-01-09T21:27:55+07:00,1158,0.00000,79.00000,26.70000,165.00000,,,,
2022-01-09T21:28:22+07:00,1159,0.00000,79.00000,26.70000,158.00000,,,,
2022-01-09T21:28:52+07:00,1160,0.00000,79.00000,26.70000,173.00000,,,,
2022-01-09T21:29:22+07:00,1161,0.00000,79.00000,26.70000,151.00000,,,,
2022-01-09T21:29:52+07:00,1162,0.00000,79.00000,26.70000,173.00000,,,,
2022-01-09T21:30:22+07:00,1163,0.00000,79.00000,26.70000,112.00000,,,,
2022-01-09T21:30:55+07:00,1164,0.00000,79.00000,26.70000,10.00000,,,,
2022-01-09T21:31:22+07:00,1165,0.00000,79.00000,26.70000,127.00000,,,,
2022-01-09T21:31:52+07:00,1166,0.00000,79.00000,26.70000,127.00000,,,,
2022-01-09T21:32:22+07:00,1167,0.00000,79.00000,26.70000,173.00000,,,,
2022-01-09T21:32:54+07:00,1168,0.00000,79.00000,26.70000,122.00000,,,,
2022-01-09T21:33:22+07:00,1169,0.00000,79.00000,26.70000,100.00000,,,,
2022-01-09T21:33:52+07:00,1170,0.00000,79.00000,26.70000,132.00000,,,,
2022-01-09T21:34:22+07:00,1171,0.00000,79.00000,26.70000,108.00000,,,,
2022-01-09T21:34:52+07:00,1172,0.00000,79.00000,26.70000,117.00000,,,,
2022-01-09T21:35:22+07:00,1173,0.00000,79.00000,26.70000,165.00000,,,,
2022-01-09T21:35:53+07:00,1174,0.00000,79.00000,26.70000,132.00000,,,,
2022-01-09T21:36:22+07:00,1175,0.00000,79.00000,26.70000,182.00000,,,,
2022-01-09T21:36:52+07:00,1176,0.00000,79.00000,26.70000,132.00000,,,,
2022-01-09T21:37:22+07:00,1177,0.00000,79.00000,26.70000,165.00000,,,,
2022-01-09T21:37:52+07:00,1178,0.00000,79.00000,26.70000,158.00000,,,,
2022-01-09T21:38:22+07:00,1179,0.00000,79.00000,26.70000,182.00000,,,,
2022-01-09T21:38:52+07:00,1180,0.00000,79.00000,26.70000,211.00000,,,,
2022-01-09T21:39:23+07:00,1181,0.00000,79.00000,26.70000,151.00000,,,,
2022-01-09T21:39:52+07:00,1182,0.00000,79.00000,26.70000,173.00000,,,,
2022-01-09T21:40:22+07:00,1183,0.00000,79.00000,26.70000,117.00000,,,,
2022-01-09T21:40:52+07:00,1184,0.00000,79.00000,26.70000,151.00000,,,,
2022-01-09T21:41:22+07:00,1185,0.00000,79.00000,26.70000,158.00000,,,,
2022-01-09T21:41:52+07:00,1186,0.00000,79.00000,26.70000,182.00000,,,,
2022-01-09T21:42:22+07:00,1187,0.00000,79.00000,26.70000,158.00000,,,,
2022-01-09T21:42:52+07:00,1188,0.00000,79.00000,26.70000,182.00000,,,,
2022-01-09T21:43:22+07:00,1189,0.00000,79.00000,26.70000,117.00000,,,,
2022-01-09T21:43:52+07:00,1190,0.00000,79.00000,26.70000,108.00000,,,,
2022-01-09T21:44:22+07:00,1191,0.00000,79.00000,26.70000,92.00000,,,,
2022-01-09T21:44:52+07:00,1192,0.00000,79.00000,26.70000,138.00000,,,,
2022-01-09T21:45:25+07:00,1193,0.00000,79.00000,26.70000,112.00000,,,,
2022-01-09T21:45:52+07:00,1194,0.00000,79.00000,26.70000,151.00000,,,,
2022-01-09T21:46:22+07:00,1195,0.00000,79.00000,26.70000,127.00000,,,,
2022-01-09T21:46:55+07:00,1196,0.00000,79.00000,26.70000,151.00000,,,,
2022-01-09T21:47:22+07:00,1197,0.00000,79.00000,26.70000,200.00000,,,,
2022-01-09T21:47:52+07:00,1198,0.00000,79.00000,26.70000,65.00000,,,,
2022-01-09T21:48:22+07:00,1199,0.00000,79.00000,26.70000,122.00000,,,,
2022-01-09T21:48:52+07:00,1200,0.00000,79.00000,26.70000,86.00000,,,,
2022-01-09T21:49:22+07:00,1201,0.00000,79.00000,26.70000,211.00000,,,,
2022-01-09T21:49:52+07:00,1202,0.00000,79.00000,26.70000,260.00000,,,,
2022-01-09T21:50:22+07:00,1203,0.00000,79.00000,26.70000,127.00000,,,,
2022-01-09T21:50:52+07:00,1204,0.00000,79.00000,26.70000,233.00000,,,,
2022-01-09T21:51:22+07:00,1205,0.00000,79.00000,26.70000,151.00000,,,,
2022-01-09T21:51:52+07:00,1206,0.00000,79.00000,26.70000,151.00000,,,,
2022-01-09T21:52:22+07:00,1207,0.00000,79.00000,26.70000,122.00000,,,,
2022-01-09T21:52:52+07:00,1208,0.00000,79.00000,26.70000,151.00000,,,,
2022-01-09T21:53:22+07:00,1209,0.00000,79.00000,26.70000,65.00000,,,,
2022-01-09T21:53:52+07:00,1210,0.00000,79.00000,26.70000,151.00000,,,,
2022-01-09T21:54:22+07:00,1211,0.00000,79.00000,26.70000,122.00000,,,,
2022-01-09T21:54:52+07:00,1212,0.00000,79.00000,26.70000,132.00000,,,,
2022-01-09T21:55:22+07:00,1213,0.00000,79.00000,26.70000,132.00000,,,,
2022-01-09T21:55:52+07:00,1214,0.00000,79.00000,26.70000,96.00000,,,,
2022-01-09T21:56:22+07:00,1215,0.00000,79.00000,26.70000,127.00000,,,,
2022-01-09T21:56:54+07:00,1216,0.00000,79.00000,26.70000,173.00000,,,,
2022-01-09T21:57:22+07:00,1217,0.00000,79.00000,26.70000,173.00000,,,,
2022-01-09T21:57:52+07:00,1218,0.00000,79.00000,26.70000,122.00000,,,,
2022-01-09T21:58:22+07:00,1219,0.00000,79.00000,26.70000,96.00000,,,,
2022-01-09T21:58:52+07:00,1220,0.00000,79.00000,26.70000,100.00000,,,,
2022-01-09T21:59:22+07:00,1221,0.00000,79.00000,26.70000,108.00000,,,,
2022-01-09T21:59:52+07:00,1222,0.00000,79.00000,26.70000,96.00000,,,,
2022-01-09T22:00:22+07:00,1223,0.00000,79.00000,26.70000,100.00000,,,,
2022-01-09T22:00:52+07:00,1224,0.00000,79.00000,26.70000,127.00000,,,,
2022-01-09T22:01:22+07:00,1225,0.00000,79.00000,26.70000,151.00000,,,,
2022-01-09T22:01:52+07:00,1226,0.00000,79.00000,26.70000,200.00000,,,,
2022-01-09T22:02:22+07:00,1227,0.00000,79.00000,26.70000,117.00000,,,,
2022-01-09T22:02:52+07:00,1228,0.00000,79.00000,26.70000,112.00000,,,,
2022-01-09T22:03:22+07:00,1229,0.00000,79.00000,26.70000,112.00000,,,,
2022-01-09T22:03:52+07:00,1230,0.00000,79.00000,26.70000,158.00000,,,,
2022-01-09T22:04:22+07:00,1231,0.00000,79.00000,26.70000,117.00000,,,,
2022-01-09T22:04:52+07:00,1232,0.00000,79.00000,26.70000,83.00000,,,,
2022-01-09T22:05:22+07:00,1233,0.00000,79.00000,26.70000,151.00000,,,,
2022-01-09T22:05:52+07:00,1234,0.00000,79.00000,26.70000,165.00000,,,,
2022-01-09T22:06:22+07:00,1235,0.00000,79.00000,26.70000,122.00000,,,,
2022-01-09T22:06:52+07:00,1236,0.00000,79.00000,26.70000,112.00000,,,,
2022-01-09T22:07:22+07:00,1237,0.00000,79.00000,26.70000,151.00000,,,,
2022-01-09T22:07:52+07:00,1238,0.00000,79.00000,26.70000,127.00000,,,,
2022-01-09T22:08:22+07:00,1239,0.00000,79.00000,26.70000,96.00000,,,,
2022-01-09T22:08:52+07:00,1240,0.00000,79.00000,26.70000,117.00000,,,,
2022-01-09T22:09:22+07:00,1241,0.00000,79.00000,26.70000,200.00000,,,,
2022-01-09T22:09:52+07:00,1242,0.00000,79.00000,26.70000,132.00000,,,,
2022-01-09T22:10:22+07:00,1243,0.00000,79.00000,26.70000,138.00000,,,,
2022-01-09T22:10:52+07:00,1244,0.00000,79.00000,26.70000,127.00000,,,,
2022-01-09T22:11:22+07:00,1245,0.00000,79.00000,26.70000,151.00000,,,,
2022-01-09T22:11:54+07:00,1246,0.00000,79.00000,26.70000,173.00000,,,,
2022-01-09T22:12:22+07:00,1247,0.00000,79.00000,26.70000,158.00000,,,,
2022-01-09T22:12:52+07:00,1248,0.00000,79.00000,26.70000,112.00000,,,,
2022-01-09T22:13:22+07:00,1249,0.00000,79.00000,26.70000,233.00000,,,,
2022-01-09T22:13:52+07:00,1250,0.00000,79.00000,26.70000,122.00000,,,,
2022-01-09T22:14:22+07:00,1251,0.00000,79.00000,26.70000,151.00000,,,,
2022-01-09T22:14:52+07:00,1252,0.00000,79.00000,26.70000,112.00000,,,,
2022-01-09T22:15:22+07:00,1253,0.00000,79.00000,26.70000,53.00000,,,,
2022-01-09T22:15:52+07:00,1254,0.00000,79.00000,26.70000,112.00000,,,,
2022-01-09T22:16:22+07:00,1255,0.00000,79.00000,26.70000,83.00000,,,,
2022-01-09T22:16:52+07:00,1256,0.00000,79.00000,26.70000,211.00000,,,,
2022-01-09T22:17:22+07:00,1257,0.00000,79.00000,26.70000,132.00000,,,,
2022-01-09T22:17:52+07:00,1258,0.00000,79.00000,26.70000,127.00000,,,,
2022-01-09T22:18:22+07:00,1259,0.00000,79.00000,26.70000,307.00000,,,,
2022-01-09T22:18:52+07:00,1260,0.00000,79.00000,26.70000,151.00000,,,,
2022-01-09T22:19:23+07:00,1261,0.00000,79.00000,26.70000,117.00000,,,,
2022-01-09T22:19:52+07:00,1262,0.00000,79.00000,26.70000,132.00000,,,,
2022-01-09T22:20:22+07:00,1263,0.00000,79.00000,26.70000,182.00000,,,,
2022-01-09T22:20:52+07:00,1264,0.00000,79.00000,26.70000,92.00000,,,,
2022-01-09T22:21:22+07:00,1265,0.00000,79.00000,26.70000,151.00000,,,,
2022-01-09T22:21:52+07:00,1266,0.00000,79.00000,26.70000,158.00000,,,,
2022-01-09T22:22:22+07:00,1267,0.00000,79.00000,26.70000,83.00000,,,,
2022-01-09T22:22:52+07:00,1268,0.00000,79.00000,26.70000,108.00000,,,,
2022-01-09T22:23:22+07:00,1269,0.00000,79.00000,26.70000,122.00000,,,,
2022-01-09T22:23:52+07:00,1270,0.00000,79.00000,26.70000,158.00000,,,,
2022-01-09T22:24:22+07:00,1271,0.00000,79.00000,26.70000,151.00000,,,,
2022-01-09T22:24:52+07:00,1272,0.00000,79.00000,26.70000,108.00000,,,,
2022-01-09T22:25:22+07:00,1273,0.00000,79.00000,26.70000,151.00000,,,,
2022-01-09T22:25:52+07:00,1274,0.00000,79.00000,26.70000,50.00000,,,,
2022-01-09T22:26:22+07:00,1275,0.00000,79.00000,26.70000,127.00000,,,,
2022-01-09T22:26:52+07:00,1276,0.00000,79.00000,26.70000,132.00000,,,,
2022-01-09T22:27:23+07:00,1277,0.00000,79.00000,26.70000,326.00000,,,,
2022-01-09T22:27:52+07:00,1278,0.00000,79.00000,26.70000,200.00000,,,,
2022-01-09T22:28:24+07:00,1279,0.00000,79.00000,26.70000,182.00000,,,,
2022-01-09T22:28:52+07:00,1280,0.00000,79.00000,26.70000,127.00000,,,,
2022-01-09T22:29:22+07:00,1281,0.00000,79.00000,26.70000,173.00000,,,,
2022-01-09T22:29:52+07:00,1282,0.00000,79.00000,26.70000,151.00000,,,,
2022-01-09T22:30:22+07:00,1283,0.00000,79.00000,26.70000,158.00000,,,,
2022-01-09T22:30:52+07:00,1284,0.00000,79.00000,26.70000,117.00000,,,,
2022-01-09T22:31:22+07:00,1285,0.00000,79.00000,26.70000,96.00000,,,,
2022-01-09T22:31:52+07:00,1286,0.00000,79.00000,26.70000,112.00000,,,,
2022-01-09T22:32:22+07:00,1287,0.00000,79.00000,26.70000,117.00000,,,,
2022-01-09T22:32:55+07:00,1288,0.00000,79.00000,26.70000,83.00000,,,,
2022-01-09T22:33:22+07:00,1289,0.00000,79.00000,26.70000,117.00000,,,,
2022-01-09T22:33:52+07:00,1290,0.00000,79.00000,26.70000,127.00000,,,,
2022-01-09T22:34:22+07:00,1291,0.00000,79.00000,26.70000,165.00000,,,,
2022-01-09T22:34:52+07:00,1292,0.00000,79.00000,26.70000,151.00000,,,,
2022-01-09T22:35:22+07:00,1293,0.00000,79.00000,26.70000,132.00000,,,,
2022-01-09T22:35:52+07:00,1294,0.00000,79.00000,26.70000,151.00000,,,,
2022-01-09T22:36:22+07:00,1295,0.00000,79.00000,26.70000,260.00000,,,,
2022-01-09T22:36:52+07:00,1296,0.00000,79.00000,26.70000,151.00000,,,,
2022-01-09T22:37:22+07:00,1297,0.00000,79.00000,26.70000,158.00000,,,,
2022-01-09T22:37:52+07:00,1298,0.00000,79.00000,26.70000,191.00000,,,,
2022-01-09T22:38:22+07:00,1299,0.00000,79.00000,26.70000,211.00000,,,,
2022-01-09T22:38:52+07:00,1300,0.00000,79.00000,26.70000,211.00000,,,,
2022-01-09T22:39:22+07:00,1301,0.00000,79.00000,26.70000,158.00000,,,,
2022-01-09T22:39:52+07:00,1302,0.00000,79.00000,26.70000,39.00000,,,,
2022-01-09T22:40:22+07:00,1303,0.00000,79.00000,26.70000,108.00000,,,,
2022-01-09T22:40:52+07:00,1304,0.00000,79.00000,26.70000,117.00000,,,,
2022-01-09T22:41:22+07:00,1305,0.00000,79.00000,26.70000,122.00000,,,,
2022-01-09T22:41:52+07:00,1306,0.00000,79.00000,26.70000,112.00000,,,,
2022-01-09T22:42:22+07:00,1307,0.00000,79.00000,26.70000,127.00000,,,,
2022-01-09T22:42:52+07:00,1308,0.00000,79.00000,26.70000,108.00000,,,,
2022-01-09T22:43:22+07:00,1309,0.00000,79.00000,26.70000,127.00000,,,,
2022-01-09T22:43:52+07:00,1310,0.00000,79.00000,26.70000,100.00000,,,,
2022-01-09T22:44:22+07:00,1311,0.00000,79.00000,26.70000,158.00000,,,,
2022-01-09T22:44:52+07:00,1312,0.00000,79.00000,26.70000,151.00000,,,,
2022-01-09T22:45:22+07:00,1313,0.00000,79.00000,26.70000,182.00000,,,,
2022-01-09T22:45:52+07:00,1314,0.00000,79.00000,26.70000,122.00000,,,,
2022-01-09T22:46:22+07:00,1315,0.00000,79.00000,26.70000,117.00000,,,,
2022-01-09T22:46:52+07:00,1316,0.00000,79.00000,26.70000,132.00000,,,,
2022-01-09T22:47:22+07:00,1317,0.00000,79.00000,26.70000,77.00000,,,,
2022-01-09T22:47:52+07:00,1318,0.00000,79.00000,26.70000,122.00000,,,,
2022-01-09T22:48:22+07:00,1319,0.00000,79.00000,26.70000,151.00000,,,,
2022-01-09T22:48:52+07:00,1320,0.00000,79.00000,26.70000,117.00000,,,,
2022-01-09T22:49:22+07:00,1321,0.00000,79.00000,26.70000,151.00000,,,,
2022-01-09T22:49:52+07:00,1322,0.00000,79.00000,26.70000,132.00000,,,,
2022-01-09T22:50:22+07:00,1323,0.00000,79.00000,26.70000,173.00000,,,,
2022-01-09T22:50:52+07:00,1324,0.00000,79.00000,26.70000,151.00000,,,,
2022-01-09T22:51:22+07:00,1325,0.00000,79.00000,26.70000,200.00000,,,,
2022-01-09T22:51:52+07:00,1326,0.00000,79.00000,26.70000,182.00000,,,,
2022-01-09T22:52:22+07:00,1327,0.00000,79.00000,26.70000,211.00000,,,,
2022-01-09T22:52:52+07:00,1328,0.00000,79.00000,26.70000,211.00000,,,,
2022-01-09T22:53:22+07:00,1329,0.00000,79.00000,26.70000,151.00000,,,,
2022-01-09T22:53:52+07:00,1330,0.00000,79.00000,26.70000,222.00000,,,,
2022-01-09T22:54:22+07:00,1331,0.00000,79.00000,26.70000,127.00000,,,,
2022-01-09T22:54:52+07:00,1332,0.00000,79.00000,26.70000,132.00000,,,,
2022-01-09T22:55:22+07:00,1333,0.00000,79.00000,26.70000,92.00000,,,,
2022-01-09T22:55:52+07:00,1334,0.00000,79.00000,26.70000,151.00000,,,,
2022-01-09T22:56:22+07:00,1335,0.00000,79.00000,26.70000,132.00000,,,,
2022-01-09T22:56:52+07:00,1336,0.00000,79.00000,26.70000,83.00000,,,,
2022-01-09T22:57:22+07:00,1337,0.00000,79.00000,26.70000,151.00000,,,,
2022-01-09T22:57:52+07:00,1338,0.00000,79.00000,26.70000,246.00000,,,,
2022-01-09T22:58:22+07:00,1339,0.00000,79.00000,26.70000,86.00000,,,,
2022-01-09T22:58:52+07:00,1340,0.00000,79.00000,26.70000,182.00000,,,,
2022-01-09T22:59:22+07:00,1341,0.00000,79.00000,26.70000,151.00000,,,,
2022-01-09T22:59:52+07:00,1342,0.00000,79.00000,26.70000,117.00000,,,,
2022-01-09T23:00:22+07:00,1343,0.00000,79.00000,26.70000,191.00000,,,,
2022-01-09T23:00:52+07:00,1344,0.00000,79.00000,26.70000,132.00000,,,,
2022-01-09T23:01:22+07:00,1345,0.00000,79.00000,26.70000,158.00000,,,,
2022-01-09T23:01:52+07:00,1346,0.00000,79.00000,26.70000,108.00000,,,,
2022-01-09T23:02:22+07:00,1347,0.00000,79.00000,26.70000,108.00000,,,,
2022-01-09T23:02:52+07:00,1348,0.00000,79.00000,26.70000,83.00000,,,,
2022-01-09T23:03:22+07:00,1349,0.00000,79.00000,26.70000,151.00000,,,,
2022-01-09T23:03:52+07:00,1350,0.00000,79.00000,26.70000,108.00000,,,,
2022-01-09T23:04:22+07:00,1351,0.00000,79.00000,26.70000,222.00000,,,,
2022-01-09T23:04:52+07:00,1352,0.00000,79.00000,26.70000,127.00000,,,,
2022-01-09T23:05:22+07:00,1353,0.00000,79.00000,26.70000,182.00000,,,,
2022-01-09T23:05:52+07:00,1354,0.00000,79.00000,26.70000,182.00000,,,,
2022-01-09T23:06:22+07:00,1355,0.00000,79.00000,26.70000,132.00000,,,,
2022-01-09T23:06:52+07:00,1356,0.00000,79.00000,26.70000,77.00000,,,,
2022-01-09T23:07:22+07:00,1357,0.00000,79.00000,26.70000,151.00000,,,,
2022-01-09T23:07:52+07:00,1358,0.00000,79.00000,26.70000,57.00000,,,,
2022-01-09T23:08:22+07:00,1359,0.00000,79.00000,26.70000,77.00000,,,,
2022-01-09T23:08:52+07:00,1360,0.00000,79.00000,26.70000,127.00000,,,,
2022-01-09T23:09:22+07:00,1361,0.00000,79.00000,26.70000,117.00000,,,,
2022-01-09T23:09:52+07:00,1362,0.00000,79.00000,26.70000,173.00000,,,,
2022-01-09T23:10:22+07:00,1363,0.00000,79.00000,26.70000,127.00000,,,,
2022-01-09T23:10:52+07:00,1364,0.00000,79.00000,26.70000,151.00000,,,,
2022-01-09T23:11:22+07:00,1365,0.00000,79.00000,26.70000,96.00000,,,,
2022-01-09T23:11:52+07:00,1366,0.00000,79.00000,26.70000,151.00000,,,,
2022-01-09T23:12:22+07:00,1367,0.00000,79.00000,26.70000,158.00000,,,,
2022-01-09T23:12:52+07:00,1368,0.00000,79.00000,26.70000,151.00000,,,,
2022-01-09T23:13:22+07:00,1369,0.00000,79.00000,26.70000,211.00000,,,,
2022-01-09T23:13:52+07:00,1370,0.00000,79.00000,26.70000,200.00000,,,,
2022-01-09T23:14:22+07:00,1371,0.00000,79.00000,26.70000,211.00000,,,,
2022-01-09T23:14:52+07:00,1372,0.00000,79.00000,26.70000,211.00000,,,,
2022-01-09T23:15:22+07:00,1373,0.00000,79.00000,26.70000,96.00000,,,,
2022-01-09T23:15:52+07:00,1374,0.00000,79.00000,26.70000,151.00000,,,,
2022-01-09T23:16:22+07:00,1375,0.00000,79.00000,26.70000,246.00000,,,,
2022-01-09T23:16:52+07:00,1376,0.00000,79.00000,26.70000,117.00000,,,,
2022-01-09T23:17:22+07:00,1377,0.00000,79.00000,26.70000,200.00000,,,,
2022-01-09T23:17:52+07:00,1378,0.00000,79.00000,26.70000,151.00000,,,,
2022-01-09T23:18:22+07:00,1379,0.00000,79.00000,26.70000,13.00000,,,,
2022-01-09T23:18:52+07:00,1380,0.00000,79.00000,26.70000,222.00000,,,,
2022-01-09T23:19:22+07:00,1381,0.00000,79.00000,26.70000,117.00000,,,,
2022-01-09T23:19:52+07:00,1382,0.00000,79.00000,26.70000,74.00000,,,,
2022-01-09T23:20:22+07:00,1383,0.00000,79.00000,26.70000,211.00000,,,,
2022-01-09T23:20:52+07:00,1384,0.00000,79.00000,26.70000,83.00000,,,,
2022-01-09T23:21:22+07:00,1385,0.00000,79.00000,26.70000,108.00000,,,,
2022-01-09T23:21:52+07:00,1386,0.00000,79.00000,26.70000,132.00000,,,,
2022-01-09T23:22:22+07:00,1387,0.00000,79.00000,26.70000,151.00000,,,,
2022-01-09T23:22:52+07:00,1388,0.00000,79.00000,26.70000,50.00000,,,,
2022-01-09T23:23:22+07:00,1389,0.00000,79.00000,26.70000,100.00000,,,,
2022-01-09T23:23:52+07:00,1390,0.00000,79.00000,26.70000,108.00000,,,,
2022-01-09T23:24:22+07:00,1391,0.00000,79.00000,26.70000,132.00000,,,,
2022-01-09T23:24:52+07:00,1392,0.00000,79.00000,26.70000,191.00000,,,,
2022-01-09T23:25:22+07:00,1393,0.00000,79.00000,26.70000,151.00000,,,,
2022-01-09T23:25:52+07:00,1394,0.00000,79.00000,26.70000,191.00000,,,,
2022-01-09T23:26:26+07:00,1395,0.00000,79.00000,26.70000,108.00000,,,,
2022-01-09T23:26:52+07:00,1396,24.00000,79.00000,26.70000,127.00000,,,,
2022-01-09T23:27:22+07:00,1397,28.00000,79.00000,26.70000,182.00000,,,,
2022-01-09T23:27:52+07:00,1398,33.00000,79.00000,26.70000,326.00000,,,,
2022-01-09T23:28:22+07:00,1399,35.00000,79.00000,26.70000,211.00000,,,,
2022-01-09T23:28:52+07:00,1400,36.00000,79.00000,26.70000,127.00000,,,,
2022-01-09T23:29:22+07:00,1401,37.00000,79.00000,26.70000,200.00000,,,,
2022-01-09T23:29:52+07:00,1402,37.00000,79.00000,26.70000,151.00000,,,,
2022-01-09T23:30:22+07:00,1403,37.00000,79.00000,26.70000,191.00000,,,,
2022-01-09T23:30:52+07:00,1404,37.00000,79.00000,26.70000,165.00000,,,,
2022-01-09T23:31:22+07:00,1405,35.00000,79.00000,26.70000,246.00000,,,,
2022-01-09T23:31:52+07:00,1406,34.00000,80.00000,26.20000,367.00000,,,,
2022-01-09T23:32:22+07:00,1407,32.00000,80.00000,25.79000,260.00000,,,,
2022-01-09T23:32:52+07:00,1408,34.00000,81.00000,25.79000,245.00000,,,,
2022-01-09T23:33:22+07:00,1409,34.00000,81.00000,25.79000,474.00000,,,,
2022-01-09T23:33:52+07:00,1410,34.00000,81.00000,25.79000,200.00000,,,,
2022-01-09T23:34:22+07:00,1411,34.00000,81.00000,25.79000,165.00000,,,,
2022-01-09T23:34:52+07:00,1412,34.00000,81.00000,25.79000,190.00000,,,,
2022-01-09T23:35:22+07:00,1413,1.00000,81.00000,25.79000,210.00000,,,,
2022-01-09T23:35:52+07:00,1414,1.00000,81.00000,25.79000,366.00000,,,,
2022-01-09T23:36:22+07:00,1415,1.00000,81.00000,25.79000,366.00000,,,,
2022-01-09T23:36:52+07:00,1416,2.00000,81.00000,25.79000,306.00000,,,,
2022-01-09T23:37:22+07:00,1417,2.00000,81.00000,25.79000,508.00000,,,,
2022-01-09T23:38:22+07:00,1418,2.00000,81.00000,25.79000,0.00000,,,,
2022-01-09T23:38:52+07:00,1419,1.00000,81.00000,25.79000,0.00000,,,,
2022-01-09T23:39:22+07:00,1420,1.00000,81.00000,25.79000,0.00000,,,,
2022-01-09T23:39:52+07:00,1421,2.00000,81.00000,25.79000,0.00000,,,,
2022-01-09T23:40:22+07:00,1422,1.00000,81.00000,25.79000,0.00000,,,,
